Symbol,Price~,Type,Strike,Expires,DTE,"Bid x Size","Ask x Size",Trade,Size,Side,Premium,Volume,"Open Int",IV,Delta,Code,*,Time
LULU,163.79,Put,320,2026-01-16T16:30:00-06:00,92,"155.60 x 6","160.15 x 54",160.15,6990,ask,111944800,12340,640,105.29%,-0.8524735946,MLFT,BuyToOpen,"14:53:32 ET"
TSLA,427.0699,Put,475,2025-10-17T16:30:00-05:00,1,"48.45 x 54","48.75 x 8",48.47,20280,mid,98297100,25057,3382,114.18%,-0.9602518081,MLFT,ToOpen,"15:02:49 ET"
LULU,163.79,Put,290,2026-01-16T16:30:00-06:00,92,"123.10 x 37","130.30 x 37",129.89,7300,mid,94819600,13340,1515,93.12%,-0.8486083989,MLFT,N/A,"14:53:32 ET"
LULU,162.17,Put,320,2026-01-16T16:30:00-06:00,92,"153.05 x 49","160.15 x 51",155.6,5350,mid,83246000,5350,640,72.87%,-0.9831586298,SLFT,ToOpen,"14:33:03 ET"
LULU,163.79,Put,350,2026-01-16T16:30:00-06:00,92,"185.55 x 6","189.20 x 37",189.2,4170,ask,78896400,6970,358,109.41%,-0.8779371601,MLFT,BuyToOpen,"14:53:32 ET"
LULU,163.79,Put,290,2026-01-16T16:30:00-06:00,92,"123.10 x 37","130.30 x 37",129.9,6040,mid,78459600,13340,1515,93.12%,-0.8486083989,MLFT,N/A,"14:53:32 ET"
MSTR,286.29,Put,350,2025-10-17T16:30:00-05:00,1,"63.40 x 235","64.70 x 71",63.4,12340,bid,78235600,13916,1387,156.03%,-0.9928022997,MLFT,SellToOpen,"15:04:02 ET"
MSTR,286.29,Put,360,2025-10-17T16:30:00-05:00,1,"73.35 x 261","74.65 x 63",74.65,9790,ask,73082300,9819,943,175.03%,-0.9934761691,MLFT,BuyToOpen,"15:04:02 ET"
TSLA,427.0699,Put,480,2025-10-17T16:30:00-05:00,1,"53.30 x 121","53.85 x 85",53.3,11680,bid,62254400,21556,1241,123.75%,-0.962069638,MLFT,SellToOpen,"15:02:49 ET"
MSTR,284.4385,Put,500,2025-10-17T16:30:00-05:00,1,"214.15 x 14","215.50 x 11",214.9,2425,mid,52113200,2600,252,0.00%,0,SLFT,ToOpen,"14:31:55 ET"
LULU,162.17,Put,350,2026-01-16T16:30:00-06:00,92,"183.00 x 30","188.05 x 10",185.45,2750,mid,50998700,2800,358,0.00%,0,SLFT,ToOpen,"14:33:03 ET"
MSTR,286.93,Put,500,2025-10-17T16:30:00-05:00,1,"212.25 x 6","213.75 x 11",213.75,2340,ask,50017500,5760,252,0.00%,0,MLFT,N/A,"15:00:23 ET"
ALAB,161.21,Put,220,2025-10-17T16:30:00-05:00,1,"56.90 x 122","59.70 x 26",58.1,7550,mid,43865500,7568,1118,0.00%,0,SLFT,ToOpen,"14:36:21 ET"
META,709.38,Put,755,2025-10-17T16:30:00-05:00,1,"45.55 x 12","47.00 x 123",46.13,8500,mid,39210500,8531,1086,71.93%,-0.9495479615,MLFT,ToOpen,"14:53:15 ET"
MSTR,286.29,Put,370,2025-10-17T16:30:00-05:00,1,"83.35 x 60","84.65 x 42",84.65,4430,ask,37499900,4443,427,180.38%,-0.9968911683,MLFT,BuyToOpen,"15:04:02 ET"
META,709.38,Put,775,2025-10-17T16:30:00-05:00,1,"64.50 x 159","67.25 x 63",67.25,5280,ask,35508000,8035,449,89.86%,-0.9689139573,MLFT,BuyToOpen,"14:53:15 ET"
AVGO,353.66,Call,220,2027-01-15T16:30:00-06:00,456,"159.25 x 6","159.55 x 3983",159.55,2029,ask,32372600,2890,4304,55.85%,0.86392116678693,AUTO,N/A,"13:53:42 ET"
MSTR,286.29,Put,345,2025-10-17T16:30:00-05:00,1,"58.40 x 58","59.70 x 45",58.58,5480,mid,32101800,5543,717,135.84%,-0.9960451582,MLFT,ToOpen,"15:04:02 ET"
TSLA,427.0699,Put,480,2025-10-17T16:30:00-05:00,1,"53.30 x 121","53.85 x 85",53.31,5960,mid,31772700,21556,1241,123.75%,-0.962069638,MLFT,N/A,"15:02:49 ET"
ALAB,164.53,Put,220,2025-10-17T16:30:00-05:00,1,"55.10 x 38","57.70 x 113",57.7,5260,ask,30350200,14228,1118,355.42%,-0.929105077,MLFT,N/A,"14:53:24 ET"
ALAB,164.19,Put,240,2025-10-17T16:30:00-05:00,1,"73.20 x 150","76.20 x 59",76.2,3763,ask,28674000,9703,532,377.28%,-0.9660401835,MLFT,N/A,"15:12:52 ET"
META,709.38,Put,757.5,2025-10-17T16:30:00-05:00,1,"47.70 x 48","49.65 x 125",49.65,5720,ask,28399800,5723,643,76.75%,-0.9470491024,MLFT,BuyToOpen,"14:53:15 ET"
FICO,1622.2,Put,1850,2025-10-17T16:30:00-05:00,1,"219.10 x 1","236.60 x 1",236.6,1200,ask,28392000,1345,106,199.26%,-0.8864283454,MLFT,BuyToOpen,"14:51:41 ET"
ALAB,161.21,Put,240,2025-10-17T16:30:00-05:00,1,"76.90 x 106","79.40 x 14",78,3600,mid,28080000,4200,532,0.00%,0,SLFT,ToOpen,"14:36:21 ET"
ACN,235.52,Put,330,2026-01-16T16:30:00-06:00,92,"92.70 x 42","96.40 x 21",96.4,2880,ask,27763200,3582,426,49.95%,-0.8940855073,MLFT,BuyToOpen,"14:50:11 ET"
MSTR,286.29,Put,380,2025-10-17T16:30:00-05:00,1,"93.35 x 63","94.85 x 43",93.35,2960,bid,27631600,2997,318,210.86%,-0.9945133058,MLFT,SellToOpen,"15:04:02 ET"
MRNA,27.55,Put,165,2026-01-16T16:30:00-06:00,92,"136.45 x 673","138.70 x 590",137.55,2000,mid,27510000,2000,463,186.86%,-0.9546464141,MLFT,ToOpen,"14:41:27 ET"
MRNA,27.235,Put,165,2026-01-16T16:30:00-06:00,92,"136.95 x 811","138.70 x 680",137.45,2000,mid,27490000,4000,463,202.47%,-0.9295573714,SLFT,N/A,"15:41:45 ET"
MRNA,27.55,Put,170,2026-01-16T16:30:00-06:00,92,"141.35 x 108","143.75 x 119",142.55,1920,mid,27369600,2001,1,189.69%,-0.9543042529,MLFT,ToOpen,"14:41:27 ET"
LULU,163.79,Put,300,2026-01-16T16:30:00-06:00,92,"133.05 x 29","139.25 x 46",139.25,1870,ask,26039700,1870,218,93.29%,-0.8649370889,MLFT,BuyToOpen,"14:53:32 ET"
TSLA,422.39,Put,475,2025-10-17T16:30:00-05:00,1,"52.40 x 50","52.90 x 21",52.8,4740,mid,25027200,4777,3382,112.01%,-0.9762102457,SLFT,ToOpen,"14:37:23 ET"
META,709.38,Put,760,2025-10-17T16:30:00-05:00,1,"50.05 x 131","52.00 x 95",51.99,4800,mid,24955200,7926,858,76.37%,-0.9564462474,MLFT,ToOpen,"14:53:15 ET"
APP,601.59,Call,115,2026-01-16T16:30:00-06:00,92,"479.70 x 12","491.80 x 11",486.64,498,mid,24234600,500,1001,109.92%,0.99950190214895,TLAT,N/A,"09:39:15 ET"
NFLX,1182.035,Put,1260,2025-10-17T16:30:00-05:00,1,"76.85 x 8","83.50 x 14",83.5,2900,ask,24215000,3211,331,56.86%,-0.9847944817,MLFT,BuyToOpen,"15:00:34 ET"
AXON,644.824,Put,750,2025-10-17T16:30:00-05:00,1,"100.10 x 1","109.00 x 16",109,2150,ask,23435000,3260,372,225.34%,-0.889172835,MLFT,BuyToOpen,"14:54:40 ET"
MSTR,284.4385,Put,405,2025-10-17T16:30:00-05:00,1,"119.15 x 42","120.50 x 18",119.8,1900,mid,22762000,1902,191,0.00%,0,SLFT,ToOpen,"14:31:55 ET"
TSLA,422.39,Put,480,2025-10-17T16:30:00-05:00,1,"56.40 x 58","58.15 x 16",57.75,3900,mid,22522500,3915,1241,115.66%,-0.981908432,SLFT,ToOpen,"14:37:23 ET"
AMD,235.085,Call,155,2026-03-20T16:30:00-05:00,155,"88.55 x 69","89.05 x 110",88.8,2533,mid,22493000,4011,4938,64.29%,0.89335631109965,MLET,N/A,"15:33:21 ET"
UNH,355.25,Put,600,2026-01-16T16:30:00-06:00,92,"241.30 x 51","246.30 x 29",244.1,890,mid,21724900,2420,98,0.00%,0,SLFT,N/A,"15:39:01 ET"
META,706.21,Put,790,2025-10-17T16:30:00-05:00,1,"82.35 x 18","84.60 x 20",83.4,2550,mid,21267000,2700,270,0.00%,0,SLFT,ToOpen,"14:39:06 ET"
AXON,644.824,Put,760,2025-10-17T16:30:00-05:00,1,"110.20 x 8","118.80 x 10",118.8,1790,ask,21265200,1791,175,235.99%,-0.8977536267,MLFT,BuyToOpen,"14:54:40 ET"
MSTR,286.93,Put,405,2025-10-17T16:30:00-05:00,1,"117.30 x 39","118.65 x 28",118.52,1790,mid,21215000,3692,191,0.00%,0,MLFT,N/A,"15:00:23 ET"
ALAB,164.19,Put,220,2025-10-17T16:30:00-05:00,1,"53.50 x 152","56.20 x 71",56.2,3763,ask,21148000,19232,1118,382.11%,-0.9136020871,MLFT,N/A,"15:12:52 ET"
UNH,356.2,Put,600,2026-01-16T16:30:00-06:00,92,"241.30 x 45","246.30 x 46",241.3,850,bid,20510500,1490,98,0.00%,-1.,MLFT,SellToOpen,"15:01:16 ET"
RACE,393.24,Put,500,2025-10-17T16:30:00-05:00,1,"104.80 x 7","108.70 x 8",104.8,1850,bid,19388000,3350,151,250.93%,-0.9611768342,MLFT,SellToOpen,"15:04:25 ET"
META,709.38,Put,765,2025-10-17T16:30:00-05:00,1,"55.25 x 26","57.25 x 159",55.25,3440,bid,19006000,3452,307,85.76%,-0.9518102608,MLFT,SellToOpen,"14:53:15 ET"
META,706.21,Put,775,2025-10-17T16:30:00-05:00,1,"67.35 x 20","69.60 x 30",68.5,2750,mid,18837500,2755,449,0.00%,0,SLFT,ToOpen,"14:39:06 ET"
AXON,644.824,Put,740,2025-10-17T16:30:00-05:00,1,"90.10 x 13","99.00 x 11",92.47,1970,mid,18216500,1976,197,0.00%,0,MLFT,ToOpen,"14:54:40 ET"
AXON,644.824,Put,770,2025-10-17T16:30:00-05:00,1,"120.10 x 20","128.70 x 23",120.1,1510,bid,18135100,1522,148,0.00%,0,MLFT,SellToOpen,"14:54:40 ET"
AVGO,354.041,Call,230,2027-06-17T16:30:00-05:00,609,"159.65 x 28","160.15 x 1129",160.15,1129,ask,18080900,1481,405,53.57%,0.84164287224494,AUTO,BuyToOpen,"13:39:42 ET"
MSTR,286.93,Put,500,2025-10-17T16:30:00-05:00,1,"212.25 x 6","213.75 x 11",213.74,820,mid,17526600,5760,252,0.00%,0,MLFT,N/A,"15:00:23 ET"
MSTR,286.29,Put,355,2025-10-17T16:30:00-05:00,1,"68.35 x 169","69.85 x 56",68.35,2470,bid,16882400,2495,268,135.91%,-0.9997550135,MLFT,SellToOpen,"15:04:02 ET"
ACN,235.52,Put,340,2026-01-16T16:30:00-06:00,92,"102.70 x 21","106.40 x 30",104.2,1610,mid,16776200,1610,208,39.05%,-0.9834614531,MLFT,ToOpen,"14:50:11 ET"
RACE,393.24,Put,460,2025-10-17T16:30:00-05:00,1,"64.40 x 8","68.80 x 8",64.69,2580,mid,16690000,4715,339,180.96%,-0.9462152012,MLFT,ToOpen,"15:04:25 ET"
TTD,49.975,Put,70,2025-10-17T16:30:00-05:00,1,"19.70 x 282","20.65 x 26",20.25,8150,mid,16503700,20939,4145,384.34%,-0.9424002964,SLFT,N/A,"15:51:50 ET"
BKNG,4949.0698,Put,6200,2025-11-21T16:30:00-06:00,36,"1,235.20 x 5","1,268.50 x 6",1268.5,130,ask,16490500,130,11,38.25%,-0.9860134624,MLFT,BuyToOpen,"14:49:08 ET"
META,709.38,Put,790,2025-10-17T16:30:00-05:00,1,"80.40 x 46","82.25 x 101",82.25,1990,ask,16367700,4690,270,116.44%,-0.9589850222,MLFT,N/A,"14:53:15 ET"
NFLX,1182.035,Put,1250,2025-10-17T16:30:00-05:00,1,"66.50 x 14","73.55 x 24",67.65,2400,mid,16236000,2425,279,70.72%,-0.9324738962,MLFT,ToOpen,"15:00:34 ET"
ORCL,318.9,Call,315,2025-10-24T16:30:00-05:00,8,"15.50 x 168","16.00 x 494",16,9990,ask,15984000,11885,12131,65.20%,0.57276749723945,AUTO,N/A,"13:39:12 ET"
LULU,163.79,Put,340,2026-01-16T16:30:00-06:00,92,"175.55 x 12","179.00 x 12",179,890,ask,15931000,1540,78,105.15%,-0.8803061413,MLFT,BuyToOpen,"14:53:32 ET"
META,709.38,Put,760,2025-10-17T16:30:00-05:00,1,"50.05 x 131","52.00 x 95",52,3050,ask,15860000,7926,858,76.37%,-0.9564462474,MLFT,N/A,"14:53:15 ET"
AMD,235.085,Call,150,2026-03-20T16:30:00-05:00,155,"92.60 x 136","93.15 x 20",92.88,1682,mid,15622400,4018,4383,64.74%,0.90599463788725,MLET,N/A,"15:33:21 ET"
RACE,393,Put,500,2025-10-17T16:30:00-05:00,1,"105.50 x 8","109.20 x 8",107.4,1425,mid,15304500,1500,151,219.16%,-0.9796645992,SLFT,ToOpen,"14:41:07 ET"
COIN,334.89,Call,195,2025-10-17T16:30:00-05:00,1,"137.10 x 230","143.50 x 38",140.53,1077,mid,15135000,1078,1086,521.48%,0.9829146524379,MLAT,N/A,"13:53:28 ET"
ADBE,328.02,Put,580,2026-01-16T16:30:00-06:00,92,"247.60 x 33","253.80 x 22",251.5,600,mid,15090000,1670,61,0.00%,0,SLFT,N/A,"15:45:34 ET"
BKNG,4957.5,Put,5500,2025-10-17T16:30:00-05:00,1,"527.60 x 11","558.70 x 8",558.7,270,ask,15084900,371,27,0.00%,0,MLFT,BuyToOpen,"14:55:14 ET"
COIN,334.89,Call,200,2025-12-19T16:30:00-06:00,64,"139.30 x 15","140.75 x 227",139.8,1077,mid,15056400,1082,2574,88.92%,0.94413811993807,MLAT,N/A,"13:53:28 ET"
ADBE,329.64,Put,580,2026-01-16T16:30:00-06:00,92,"246.40 x 27","253.10 x 21",250.4,600,mid,15024000,600,61,61.42%,-0.9836696063,SLFT,ToOpen,"14:36:43 ET"
ALAB,161.21,Put,222.5,2025-10-17T16:30:00-05:00,1,"59.60 x 112","62.10 x 11",60.8,2400,mid,14592000,2592,305,0.00%,0,SLFT,ToOpen,"14:36:21 ET"
SMR,55.648,Call,46,2025-10-17T16:30:00-05:00,1,"8.45 x 799","10.30 x 451",9.51,15000,mid,14265000,15033,16609,0.00%,0,MLAT,N/A,"10:36:47 ET"
FLUT,249.22,Put,340,2025-12-19T16:30:00-06:00,64,"88.90 x 27","92.90 x 22",89.47,1570,mid,14046700,2770,150,44.21%,-0.9759622576,MLFT,ToOpen,"14:54:22 ET"
UNH,356.2,Put,590,2026-01-16T16:30:00-06:00,92,"231.30 x 46","236.20 x 46",235.51,590,mid,13895000,1090,49,63.51%,-0.9314858019,MLFT,ToOpen,"15:01:16 ET"
MSTR,286.29,Put,375,2025-10-17T16:30:00-05:00,1,"88.40 x 39","89.65 x 37",89.65,1530,ask,13716400,1559,171,202.15%,-0.9942880319,MLFT,BuyToOpen,"15:04:02 ET"
ALAB,164.53,Put,240,2025-10-17T16:30:00-05:00,1,"74.70 x 138","77.70 x 121",77.7,1740,ask,13519800,5940,532,413.03%,-0.9494125772,MLFT,N/A,"14:53:24 ET"
NVDA,182.71,Call,150,2025-10-17T16:30:00-05:00,1,"32.65 x 24","32.75 x 24",32.67,4000,mid,13068000,6786,32555,171.61%,0.98751712226442,MLFT,N/A,"11:35:09 ET"
TXN,174.15,Put,210,2025-10-17T16:30:00-05:00,1,"34.20 x 101","35.90 x 15",35.05,3700,mid,12968400,3700,465,0.00%,0,SLFT,ToOpen,"14:31:00 ET"
AMD,235.085,Call,150,2026-03-20T16:30:00-05:00,155,"92.50 x 113","93.25 x 156",92.88,1392,mid,12928800,4018,4383,64.74%,0.90599463788725,MLFT,N/A,"15:33:20 ET"
MSTR,283.17,Put,350,2026-03-20T16:30:00-05:00,155,"90.45 x 18","92.20 x 7",91.58,1400,mid,12821200,1413,635,68.87%,-0.5931105155,MLET,ToOpen,"15:20:17 ET"
MSTR,284.4385,Put,410,2025-10-17T16:30:00-05:00,1,"124.15 x 16","125.50 x 12",124.75,1000,mid,12475000,1000,105,0.00%,0,SLFT,ToOpen,"14:31:55 ET"
AMD,235.085,Call,155,2026-03-20T16:30:00-05:00,155,"88.55 x 60","89.05 x 143",88.8,1392,mid,12360900,4011,4938,64.29%,0.89335631109965,MLFT,N/A,"15:33:20 ET"
DAVE,210.85,Put,300,2025-10-17T16:30:00-05:00,1,"87.50 x 9","91.40 x 6",91.4,1350,ask,12339000,1350,5,311.08%,-0.9816764084,MLFT,BuyToOpen,"14:55:29 ET"
ALAB,164.53,Put,210,2025-10-17T16:30:00-05:00,1,"44.80 x 27","47.80 x 34",47.8,2580,ask,12332300,2603,593,299.34%,-0.9305212494,MLFT,BuyToOpen,"14:53:24 ET"
NFLX,1182.035,Put,1255,2025-10-17T16:30:00-05:00,1,"71.75 x 13","78.60 x 22",78.6,1560,ask,12261500,1561,143,71.42%,-0.9437927167,MLFT,BuyToOpen,"15:00:34 ET"
UNH,354.6,Put,600,2026-01-16T16:30:00-06:00,92,"240.80 x 46","246.10 x 46",243.25,500,mid,12162500,500,98,0.00%,0,MLFT,ToOpen,"14:30:42 ET"
AXON,644.824,Put,750,2025-10-17T16:30:00-05:00,1,"100.10 x 1","109.00 x 16",108.99,1110,mid,12097800,3260,372,225.34%,-0.889172835,MLFT,N/A,"14:54:40 ET"
RACE,393,Put,460,2025-10-17T16:30:00-05:00,1,"65.50 x 7","69.20 x 7",67.2,1775,mid,11928000,1775,339,145.21%,-0.9793413536,SLFT,ToOpen,"14:41:07 ET"
ADBE,329.64,Put,380,2025-10-17T16:30:00-05:00,1,"46.45 x 72","51.85 x 16",49.15,2400,mid,11796000,2400,241,130.52%,-0.9801238511,SLFT,ToOpen,"14:36:43 ET"
UNH,355.25,Put,590,2026-01-16T16:30:00-06:00,92,"231.30 x 52","236.20 x 26",233.45,500,mid,11672500,1590,49,52.00%,-0.9868291303,SLFT,N/A,"15:39:01 ET"
UNH,354.6,Put,590,2026-01-16T16:30:00-06:00,92,"230.80 x 53","235.70 x 43",233.25,500,mid,11662500,500,49,0.00%,0,MLFT,ToOpen,"14:30:42 ET"
ADBE,329.71,Put,365,2025-10-17T16:30:00-05:00,1,"31.50 x 168","37.10 x 135",31.5,3690,bid,11623500,4974,557,0.00%,0,MLFT,SellToOpen,"14:47:54 ET"
MSTR,284.08,Put,380,2026-03-20T16:30:00-05:00,155,"113.45 x 9","115.50 x 9",114.46,1000,mid,11446000,1001,520,68.42%,-0.6651798901,MLET,ToOpen,"15:26:46 ET"
LULU,162.17,Put,340,2026-01-16T16:30:00-06:00,92,"173.00 x 11","178.20 x 10",175.55,650,mid,11410700,650,78,0.00%,0,SLFT,ToOpen,"14:33:03 ET"
HOOD,131.414,Call,123,2025-10-24T16:30:00-05:00,8,"10.90 x 23","11.50 x 301",11.34,10000,mid,11340000,10002,133,82.15%,0.72984566461238,MLCT,ToOpen,"15:21:50 ET"
COIN,335.069,Put,400,2025-10-17T16:30:00-05:00,1,"63.55 x 218","69.55 x 141",67.15,1650,mid,11079700,1676,542,196.34%,-0.9529332147,SLFT,ToOpen,"14:39:53 ET"
TXN,174.15,Put,195,2025-10-17T16:30:00-05:00,1,"19.20 x 102","20.85 x 17",20.05,5450,mid,10927200,5451,660,0.00%,0,SLFT,ToOpen,"14:31:00 ET"
FDS,276.1,Put,350,2025-10-17T16:30:00-05:00,1,"69.60 x 6","76.80 x 2",74.3,1470,mid,10922100,1500,10,237.47%,-0.9676680143,MLFT,ToOpen,"14:42:23 ET"
MSTR,286.93,Put,410,2025-10-17T16:30:00-05:00,1,"122.30 x 36","123.50 x 32",123.5,880,ask,10868000,1880,105,0.00%,0,MLFT,N/A,"15:00:23 ET"
FLUT,248.62,Put,340,2025-12-19T16:30:00-06:00,64,"88.80 x 4","92.90 x 4",90.5,1200,mid,10860000,1200,150,0.00%,0,MLFT,ToOpen,"14:39:59 ET"
BABA,164.89,Put,190,2025-10-17T16:30:00-05:00,1,"23.35 x 319","25.70 x 13",24.8,4350,mid,10788000,4350,820,0.00%,0,SLFT,ToOpen,"14:35:06 ET"
ALAB,164.53,Put,205,2025-10-17T16:30:00-05:00,1,"39.60 x 106","42.80 x 87",40.44,2650,mid,10716600,2672,580,268.10%,-0.9328947589,MLFT,ToOpen,"14:53:24 ET"
MSTR,284.08,Put,370,2026-03-20T16:30:00-05:00,155,"105.55 x 25","107.60 x 25",106.6,1000,mid,10660000,1013,1341,68.47%,-0.6411147476,MLET,N/A,"15:26:46 ET"
AXON,644.824,Put,780,2025-10-17T16:30:00-05:00,1,"130.50 x 4","138.70 x 4",138.7,760,ask,10541100,763,59,260.71%,-0.9076818419,MLFT,BuyToOpen,"14:54:40 ET"
ADBE,329.71,Put,380,2025-10-17T16:30:00-05:00,1,"49.15 x 68","51.80 x 132",51.8,2010,ask,10411800,5160,241,201.53%,-0.9020294061,MLFT,N/A,"14:47:54 ET"
ADBE,328.02,Put,380,2025-10-17T16:30:00-05:00,1,"49.25 x 171","53.45 x 152",51.55,2010,mid,10361500,7170,241,0.00%,0,SLFT,N/A,"15:45:34 ET"
LULU,163.79,Put,280,2026-01-16T16:30:00-06:00,92,"113.70 x 30","119.35 x 29",113.72,910,mid,10348500,1700,182,64.94%,-0.9568747438,MLFT,N/A,"14:50:33 ET"
MSTR,284.4385,Put,400,2025-10-17T16:30:00-05:00,1,"114.15 x 18","115.60 x 16",114.85,900,mid,10336500,900,88,0.00%,0,SLFT,ToOpen,"14:31:55 ET"
MSTR,286.29,Put,400,2025-10-17T16:30:00-05:00,1,"113.35 x 30","114.75 x 21",114.75,900,ask,10327500,1800,88,244.18%,-0.995142216,MLFT,N/A,"15:04:02 ET"
BABA,165.767,Put,185,2025-10-17T16:30:00-05:00,1,"18.75 x 414","19.75 x 201",19.75,5220,ask,10309500,5243,1543,151.32%,-0.9108977571,MLFT,BuyToOpen,"14:54:36 ET"
GOOGL,252.48,Put,265,2027-01-15T16:30:00-06:00,456,"40.85 x 34","41.25 x 8",41.1,2500,mid,10275000,2518,89,34.66%,-0.45022154,SLCN,ToOpen,"13:12:35 ET"
ADBE,328.02,Put,370,2025-10-17T16:30:00-05:00,1,"38.00 x 146","43.30 x 105",41.05,2470,mid,10139300,6041,222,0.00%,0,SLFT,N/A,"15:45:34 ET"
NVDA,182.71,Put,190,2026-04-17T16:30:00-05:00,183,"24.95 x 17","25.05 x 28",25.01,4000,mid,10004000,4000,580,43.65%,-0.4740260216,MLFT,ToOpen,"11:35:09 ET"
NFLX,1182.035,Put,1265,2025-10-17T16:30:00-05:00,1,"81.50 x 26","88.45 x 36",81.5,1220,bid,9943000,1222,121,71.28%,-0.9646774024,MLFT,SellToOpen,"15:00:34 ET"
ADBE,328.02,Put,375,2025-10-17T16:30:00-05:00,1,"43.85 x 141","48.85 x 110",46.1,2150,mid,9911500,7040,213,0.00%,0,SLFT,N/A,"15:45:34 ET"
RCL,298.8355,Put,340,2025-10-17T16:30:00-05:00,1,"39.55 x 18","42.80 x 5",39.55,2500,bid,9887500,2505,480,93.96%,-0.9961649271,MLFT,SellToOpen,"15:04:12 ET"
MSTR,286.29,Put,390,2025-10-17T16:30:00-05:00,1,"103.35 x 87","104.85 x 40",103.35,950,bid,9818200,1851,102,227.80%,-0.994855778,MLFT,N/A,"15:04:02 ET"
ADBE,329.71,Put,500,2026-01-16T16:30:00-06:00,92,"166.00 x 21","173.30 x 23",166,590,bid,9794000,590,41,0.00%,0,MLFT,SellToOpen,"14:47:54 ET"
RDDT,197.73,Put,230,2025-10-17T16:30:00-05:00,1,"30.85 x 206","33.15 x 240",33.15,2950,ask,9779200,3097,712,209.52%,-0.9072509222,MLFT,BuyToOpen,"15:02:04 ET"
MSTR,286.29,Put,347.5,2025-10-17T16:30:00-05:00,1,"60.85 x 39","62.20 x 39",60.85,1590,bid,9675100,1612,211,0.00%,0,MLFT,SellToOpen,"15:04:02 ET"
MSTR,286.29,Put,385,2025-10-17T16:30:00-05:00,1,"98.35 x 36","99.70 x 27",99.7,970,ask,9670900,973,91,219.40%,-0.9946925361,MLFT,BuyToOpen,"15:04:02 ET"
ADBE,329.71,Put,370,2025-10-17T16:30:00-05:00,1,"37.95 x 170","42.30 x 150",39.09,2470,mid,9655200,3571,222,0.00%,0,MLFT,ToOpen,"14:47:54 ET"
MSTR,286.29,Put,350,2025-10-17T16:30:00-05:00,1,"63.40 x 235","64.70 x 71",63.41,1490,mid,9448000,13916,1387,156.03%,-0.9928022997,MLFT,N/A,"15:04:02 ET"
MSTR,284.4385,Put,390,2025-10-17T16:30:00-05:00,1,"104.15 x 19","105.55 x 13",104.85,900,mid,9436500,901,102,0.00%,0,SLFT,ToOpen,"14:31:55 ET"
MSGE,43.45,Call,20,2026-01-16T16:30:00-06:00,92,"22.50 x 11","25.90 x 12",23.5,4000,mid,9400000,4000,0,109.96%,0.95542804080213,MLFT,ToOpen,"14:26:52 ET"
ADBE,329.71,Put,375,2025-10-17T16:30:00-05:00,1,"43.75 x 132","46.25 x 123",43.75,2140,bid,9362500,4890,213,0.00%,0,MLFT,N/A,"14:47:54 ET"
ADBE,329.47,Put,580,2026-01-16T16:30:00-06:00,92,"246.40 x 44","253.10 x 34",252.85,370,mid,9355400,1070,61,76.52%,-0.917297934,MLFT,N/A,"14:52:32 ET"
MSTR,283.17,Put,320,2026-02-20T16:30:00-06:00,127,"66.50 x 1","67.00 x 10",66.67,1400,mid,9333800,1408,526,69.27%,-0.5308236511,MLET,ToOpen,"15:20:17 ET"
MSGE,43.45,Call,20,2025-10-17T16:30:00-05:00,1,"23.00 x 14","25.60 x 27",23,4000,bid,9200000,4000,4000,"1,167.87%",0.94239292324172,MLFT,N/A,"14:26:52 ET"
LULU,163.79,Put,280,2026-01-16T16:30:00-06:00,92,"113.70 x 30","119.35 x 29",113.71,790,mid,8983000,1700,182,64.94%,-0.9568747438,MLFT,N/A,"14:50:33 ET"
ADBE,329.64,Put,375,2025-10-17T16:30:00-05:00,1,"41.15 x 77","46.35 x 7",43.7,2000,mid,8740000,2000,213,0.00%,0,SLFT,ToOpen,"14:36:43 ET"
TTD,49.9,Put,70,2025-10-17T16:30:00-05:00,1,"19.25 x 609","20.65 x 262",19.25,4480,bid,8624000,4662,4145,469.23%,-0.8953495481,MLFT,SellToOpen,"15:03:07 ET"
NVDA,182.71,Call,190,2026-04-17T16:30:00-05:00,183,"21.50 x 34","21.60 x 77",21.49,4000,bid,8596000,4050,2868,45.10%,0.53842705838929,MLFT,SellToOpen,"11:35:09 ET"
FLUT,248.62,Put,280,2025-10-17T16:30:00-05:00,1,"28.80 x 17","32.00 x 13",30.5,2800,mid,8540000,2800,342,0.00%,0,MLFT,ToOpen,"14:39:59 ET"
KKR,117.55,Put,135,2025-10-17T16:30:00-05:00,1,"15.40 x 189","18.10 x 17",15.57,5460,mid,8501200,6642,2251,0.00%,0,MLFT,ToOpen,"14:54:13 ET"
ACN,235.52,Put,360,2026-01-16T16:30:00-06:00,92,"123.00 x 21","126.40 x 21",126.4,670,ask,8468800,670,212,59.41%,-0.9038849278,MLFT,BuyToOpen,"14:50:11 ET"
ACN,234.11,Put,360,2026-01-16T16:30:00-06:00,92,"124.10 x 178","126.70 x 148",125.6,670,mid,8415200,1340,212,0.00%,0,SLFT,N/A,"15:43:50 ET"
FDS,276.1,Put,330,2025-10-17T16:30:00-05:00,1,"52.30 x 12","55.20 x 12",54.3,1500,mid,8145000,1500,190,188.47%,-0.9607673393,MLFT,ToOpen,"14:42:23 ET"
NFLX,1182.035,Put,1305,2025-10-17T16:30:00-05:00,1,"121.05 x 8","128.40 x 13",128.4,630,ask,8089200,630,55,88.62%,-0.9834693902,MLFT,BuyToOpen,"15:00:34 ET"
ALAB,164.53,Put,220,2025-10-17T16:30:00-05:00,1,"55.10 x 38","57.70 x 113",57.69,1400,mid,8076600,14228,1118,355.42%,-0.929105077,MLFT,N/A,"14:53:24 ET"
TSLA,427.0699,Put,477.5,2025-10-17T16:30:00-05:00,1,"50.75 x 62","51.40 x 12",51.4,1560,ask,8018400,2199,159,120.03%,-0.9598325744,MLFT,BuyToOpen,"15:02:49 ET"
ADBE,329.71,Put,490,2026-01-16T16:30:00-06:00,92,"156.30 x 21","163.50 x 21",156.3,510,bid,7971300,510,35,0.00%,0,MLFT,SellToOpen,"14:47:54 ET"
META,721.48,Call,5,2026-09-18T16:30:00-05:00,337,"715.55 x 6","719.50 x 6",716.79,111,mid,7956300,111,4166,263.67%,0.9991357235954,TLAT,N/A,"10:19:39 ET"
AMD,235.085,Call,150,2026-03-20T16:30:00-05:00,155,"92.60 x 198","93.25 x 145",92.91,851,mid,7906600,4018,4383,64.74%,0.90599463788725,MLET,N/A,"15:33:21 ET"
APP,601.24,Put,690,2025-10-17T16:30:00-05:00,1,"86.90 x 115","94.00 x 114",94,840,ask,7896000,1076,140,163.20%,-0.9418650901,MLFT,BuyToOpen,"14:54:31 ET"
BABA,165.767,Put,190,2025-10-17T16:30:00-05:00,1,"23.90 x 355","25.70 x 366",24.26,3240,mid,7860200,7590,820,111.05%,-0.990085047,MLFT,N/A,"14:54:36 ET"
TXN,174.931,Put,210,2025-10-17T16:30:00-05:00,1,"34.30 x 67","36.25 x 55",34.3,2290,bid,7854700,6030,465,184.95%,-0.9670638665,MLFT,N/A,"15:03:16 ET"
PG,149.6,Put,165,2025-10-17T16:30:00-05:00,1,"13.55 x 490","17.50 x 474",15.4,5070,mid,7807800,10140,477,105.15%,-0.9602401238,SLFT,N/A,"15:59:40 ET"
COIN,335.069,Put,390,2025-10-17T16:30:00-05:00,1,"55.10 x 71","59.95 x 157",57.5,1350,mid,7762500,1383,427,172.45%,-0.9493341389,SLFT,ToOpen,"14:39:53 ET"
LULU,163.79,Put,310,2025-12-19T16:30:00-06:00,64,"145.10 x 15","149.00 x 15",149,520,ask,7748000,870,44,93.16%,-0.9391882014,MLFT,BuyToOpen,"14:50:33 ET"
DAVE,210.85,Put,250,2025-10-17T16:30:00-05:00,1,"37.50 x 6","41.50 x 6",41.4,1830,mid,7576200,1830,547,289.40%,-0.8527988094,MLFT,ToOpen,"14:55:29 ET"
NBIS,129.57,Call,50,2026-01-16T16:30:00-06:00,92,"76.70 x 71","76.80 x 6",76.8,985,ask,7564800,1106,3818,133.10%,0.96199275606346,AUTO,N/A,"13:07:20 ET"
FDS,276.05,Put,350,2025-10-17T16:30:00-05:00,1,"69.70 x 7","77.90 x 10",75.2,1000,mid,7520000,2500,10,293.98%,-0.9286336323,MLFT,N/A,"14:51:37 ET"
RCL,298.8355,Put,350,2025-10-17T16:30:00-05:00,1,"49.55 x 13","52.80 x 4",49.55,1510,bid,7482000,1512,57,112.58%,-0.996717893,MLFT,SellToOpen,"15:04:12 ET"
FICO,1622.2,Put,1870,2025-10-17T16:30:00-05:00,1,"240.00 x 3","256.70 x 1",256.7,290,ask,7444300,290,24,211.35%,-0.8906032689,MLFT,BuyToOpen,"14:51:41 ET"
BABA,164.89,Put,187.5,2025-10-17T16:30:00-05:00,1,"21.55 x 510","23.75 x 386",22.4,3300,mid,7392000,3315,435,164.19%,-0.9267884316,SLFT,ToOpen,"14:35:06 ET"
ALAB,164.19,Put,222.5,2025-10-17T16:30:00-05:00,1,"56.20 x 166","59.50 x 75",59.5,1237,ask,7360100,5447,305,392.92%,-0.9154595142,MLFT,N/A,"15:13:43 ET"
TTD,49.975,Put,110,2026-01-16T16:30:00-06:00,92,"59.25 x 285","61.20 x 211",60.6,1200,mid,7272000,2400,559,105.01%,-0.9056327345,SLFT,N/A,"15:51:50 ET"
APO,121.04,Put,190,2026-01-16T16:30:00-06:00,92,"67.50 x 246","70.90 x 228",69.2,1050,mid,7266000,2810,130,55.86%,-0.9447165715,SLFT,N/A,"15:57:24 ET"
FLUT,249.22,Put,280,2025-10-17T16:30:00-05:00,1,"29.40 x 13","32.00 x 11",29.4,2440,bid,7173600,6030,342,0.00%,0,MLFT,N/A,"14:54:22 ET"
COIN,330.25,Call,2.5,2026-01-16T16:30:00-06:00,92,"325.95 x 242","332.85 x 213",328.79,218,mid,7167600,959,15082,636.68%,0.99912419482655,TLET,N/A,"15:58:24 ET"
VG,8.98,Put,7.5,2026-12-18T16:30:00-06:00,428,"0.55 x 793","2.35 x 651",1.3,55000,mid,7150000,55000,2,80.25%,-0.2508562346,TLCT,ToOpen,"15:02:44 ET"
TTD,49.75,Put,110,2026-01-16T16:30:00-06:00,92,"58.00 x 276","61.20 x 233",59.25,1200,mid,7110000,1200,559,0.00%,0,SLFT,ToOpen,"14:32:06 ET"
ALAB,164.19,Put,220,2025-10-17T16:30:00-05:00,1,"54.10 x 145","57.00 x 75",57,1237,ask,7050900,19232,1118,382.11%,-0.9136020871,MLFT,N/A,"15:13:43 ET"
COIN,336.86,Call,200,2025-10-17T16:30:00-05:00,1,"132.30 x 307","137.25 x 99",135.81,519,mid,7048500,522,625,0.00%,0,MLAT,N/A,"13:58:44 ET"
TTD,49.82,Put,70,2025-10-17T16:30:00-05:00,1,"19.25 x 613","20.65 x 297",20.55,3410,mid,7007500,12789,4145,0.00%,0,MLFT,N/A,"15:12:41 ET"
KKR,117.55,Put,130,2025-10-17T16:30:00-05:00,1,"10.60 x 124","13.30 x 20",10.6,6600,bid,6996000,6600,1946,0.00%,0,MLFT,SellToOpen,"14:54:13 ET"
COIN,336.86,Call,210,2025-12-19T16:30:00-06:00,64,"130.80 x 19","132.30 x 40",130.8,519,bid,6788500,523,629,81.59%,0.94244053808811,MLAT,N/A,"13:58:44 ET"
B,35.7956,Call,30,2026-01-16T16:30:00-06:00,92,"6.60 x 1147","7.00 x 6",6.75,10000,mid,6750000,10031,55815,48.84%,0.80373495440429,TLCT,N/A,"10:12:37 ET"
ACN,235.52,Put,330,2026-01-16T16:30:00-06:00,92,"92.70 x 42","96.40 x 21",96.39,700,mid,6747300,3582,426,49.95%,-0.8940855073,MLFT,N/A,"14:50:11 ET"
FLUT,249.22,Put,290,2025-10-17T16:30:00-05:00,1,"39.40 x 10","42.90 x 9",39.4,1690,bid,6658600,3290,200,162.47%,-0.9592770715,MLFT,N/A,"14:54:22 ET"
HIMS,62.45,Call,56,2025-10-17T16:30:00-05:00,1,"6.50 x 73","6.75 x 87",6.64,10000,mid,6640000,10215,23568,152.04%,0.92089645144447,MLAT,N/A,"10:45:46 ET"
APO,121.045,Put,190,2026-01-16T16:30:00-06:00,92,"68.60 x 23","71.40 x 219",69.6,950,mid,6612000,1710,130,61.15%,-0.9166380626,SLFT,ToOpen,"15:48:36 ET"
BKNG,4957.5,Put,5400,2025-10-17T16:30:00-05:00,1,"426.80 x 10","458.90 x 8",433.52,150,mid,6502800,150,17,0.00%,0,MLFT,ToOpen,"14:55:14 ET"
ENPH,37.44,Put,105,2026-01-16T16:30:00-06:00,92,"66.25 x 517","69.00 x 453",67.6,960,mid,6489500,1690,324,108.75%,-0.9779990472,SLFT,N/A,"15:16:29 ET"
ACN,235.52,Put,295,2025-11-21T16:30:00-06:00,36,"58.10 x 20","61.20 x 21",61.2,1060,ask,6487200,1060,205,55.23%,-0.8891196728,MLFT,BuyToOpen,"14:50:11 ET"
FLUT,248.62,Put,290,2025-10-17T16:30:00-05:00,1,"39.00 x 10","41.90 x 18",40.5,1600,mid,6480000,1600,200,0.00%,0,MLFT,ToOpen,"14:39:59 ET"
TTD,49.975,Put,115,2026-01-16T16:30:00-06:00,92,"64.15 x 262","67.35 x 239",64.75,1000,mid,6475000,2000,221,117.34%,-0.8807317916,SLFT,N/A,"15:51:50 ET"
BABA,165.767,Put,182.5,2025-10-17T16:30:00-05:00,1,"16.15 x 425","17.35 x 218",17.35,3730,ask,6471500,5922,1396,143.77%,-0.8925425024,MLFT,BuyToOpen,"14:54:36 ET"
ALAB,161.21,Put,230,2025-10-17T16:30:00-05:00,1,"67.10 x 38","69.50 x 14",68.1,950,mid,6469400,951,118,0.00%,0,SLFT,ToOpen,"14:36:21 ET"
APP,612.71,Call,600,2025-12-19T16:30:00-06:00,64,"80.00 x 17","82.40 x 12",80.75,800,mid,6460000,818,745,71.49%,0.59648270739198,MLFT,ToOpen,"11:17:39 ET"
AVGO,355.01,Put,420,2026-09-18T16:30:00-05:00,337,"99.10 x 11","99.70 x 10",99.1,650,bid,6441400,650,3,47.04%,-0.5488886882,MLFT,SellToOpen,"11:45:38 ET"
TTD,49.75,Put,115,2026-01-16T16:30:00-06:00,92,"63.05 x 258","65.35 x 24",64.1,1000,mid,6409900,1000,221,0.00%,0,SLFT,ToOpen,"14:32:06 ET"
AVGO,351.62,Call,195,2025-10-17T16:30:00-05:00,1,"155.80 x 188","157.00 x 23",157,407,ask,6389900,1410,955,516.82%,0.98966846970573,AUTO,N/A,"14:59:52 ET"
SMR,55.648,Call,57,2025-10-24T16:30:00-05:00,8,"4.05 x 322","4.30 x 50",4.18,15000,mid,6269900,15128,886,146.85%,0.50095201162845,MLAT,ToOpen,"10:36:47 ET"
FICO,1622.2,Put,1830,2025-10-17T16:30:00-05:00,1,"200.00 x 4","217.80 x 2",214.64,290,mid,6224500,291,38,175.28%,-0.8976254172,MLFT,ToOpen,"14:51:41 ET"
MSTR,286.29,Put,365,2025-10-17T16:30:00-05:00,1,"78.35 x 30","79.70 x 30",79.7,780,ask,6216600,813,77,184.25%,-0.9937541593,MLFT,BuyToOpen,"15:04:02 ET"
FIG,58.62,Put,61,2025-10-17T16:30:00-05:00,1,"2.75 x 373","3.45 x 289",3.27,19000,mid,6213000,19898,20192,147.80%,-0.6825501716,MLAT,N/A,"14:29:12 ET"
CTAS,184.485,Put,230,2026-01-16T16:30:00-06:00,92,"41.50 x 7","49.80 x 7",46.89,1320,mid,6189400,1360,255,37.94%,-0.8667134109,MLFT,ToOpen,"14:55:39 ET"
AAPL,245.7121,Put,275,2025-10-17T16:30:00-05:00,1,"28.75 x 223","29.65 x 238",29.25,2100,mid,6142500,2900,101,86.20%,-0.994484329,MLFT,ToOpen,"14:40:33 ET"
AJG,280.13,Put,360,2025-12-19T16:30:00-06:00,64,"77.60 x 1","81.50 x 2",81.5,750,ask,6112500,750,0,46.23%,-0.8948061448,MLFT,BuyToOpen,"14:48:05 ET"
RH,174.8483,Put,215,2025-10-17T16:30:00-05:00,1,"38.60 x 29","43.00 x 27",42.62,1430,mid,6094600,1523,313,358.68%,-0.8430654267,MLFT,ToOpen,"15:04:02 ET"
MSTR,284.46,Call,200,2026-02-20T16:30:00-06:00,127,"100.60 x 158","103.00 x 113",101.04,600,mid,6062400,612,54,83.03%,0.83959639720781,MLFT,ToOpen,"15:51:29 ET"
VG,8.98,Call,12.5,2026-12-18T16:30:00-06:00,428,"0.75 x 685","3.80 x 651",1.1,55000,mid,6050000,55000,282,79.40%,0.52883571683081,TLCT,ToOpen,"15:02:44 ET"
ALNY,480.055,Call,290,2026-01-16T16:30:00-06:00,92,"192.70 x 1","197.00 x 5",193.7,312,mid,6043400,350,353,49.20%,0.9862654007323,SLFT,N/A,"15:27:43 ET"
FICO,1622.2,Put,1900,2025-10-17T16:30:00-05:00,1,"270.00 x 4","287.70 x 3",287.7,210,ask,6041700,210,15,234.47%,-0.890040165,MLFT,BuyToOpen,"14:51:41 ET"
ALAB,164.19,Put,230,2025-10-17T16:30:00-05:00,1,"63.80 x 179","67.00 x 100",67,885,ask,5929500,2116,118,424.18%,-0.9203487858,MLFT,N/A,"15:13:33 ET"
LULU,163.79,Put,185,2025-10-17T16:30:00-05:00,1,"20.45 x 210","23.35 x 186",21.81,2710,mid,5910500,4074,576,170.44%,-0.9067093652,MLFT,ToOpen,"14:50:33 ET"
ACN,235.52,Put,300,2025-11-21T16:30:00-06:00,36,"63.00 x 21","66.40 x 21",66.4,890,ask,5909600,890,150,59.64%,-0.8853560553,MLFT,BuyToOpen,"14:50:11 ET"
PG,149.6101,Put,165,2025-10-17T16:30:00-05:00,1,"13.95 x 316","16.45 x 226",15.5,3800,mid,5890000,3800,477,102.79%,-0.9635913224,SLFT,ToOpen,"14:42:14 ET"
TTD,49.82,Put,67.5,2025-10-17T16:30:00-05:00,1,"16.45 x 554","18.15 x 268",18.15,3230,ask,5862400,4730,842,417.95%,-0.8995701432,MLFT,BuyToOpen,"15:12:41 ET"
RH,175.99,Put,215,2025-10-17T16:30:00-05:00,1,"38.40 x 10","43.00 x 32",40.9,1430,mid,5848700,2953,313,323.30%,-0.8640095703,SLFT,N/A,"15:55:06 ET"
RDDT,197.73,Put,240,2025-10-17T16:30:00-05:00,1,"40.10 x 280","43.25 x 305",42.4,1340,mid,5681600,1388,194,179.37%,-0.9785093425,MLFT,ToOpen,"15:02:04 ET"
UNH,356.2,Put,520,2025-12-19T16:30:00-06:00,64,"160.80 x 45","166.70 x 45",166.7,340,ask,5667700,340,41,64.35%,-0.9025349849,MLFT,BuyToOpen,"15:01:16 ET"
TTD,49.975,Put,67.5,2025-10-17T16:30:00-05:00,1,"16.70 x 624","18.10 x 436",17.5,3210,mid,5617500,7941,842,0.00%,0,SLFT,N/A,"15:51:50 ET"
FDS,276.05,Put,330,2025-10-17T16:30:00-05:00,1,"52.40 x 11","55.20 x 11",55.2,1000,ask,5520000,2500,190,237.45%,-0.9153192595,MLFT,N/A,"14:51:37 ET"
B,35.7956,Call,25,2026-01-16T16:30:00-06:00,92,"10.90 x 1073","11.25 x 500",11,5000,mid,5500000,6510,60126,54.90%,0.92423474450856,TLCT,N/A,"10:12:37 ET"
BIDU,121.075,Put,133,2025-10-17T16:30:00-05:00,1,"10.90 x 243","12.65 x 183",12.65,4330,ask,5477400,4335,1293,162.61%,-0.8556145087,MLFT,BuyToOpen,"14:48:54 ET"
LULU,163.79,Put,330,2026-01-16T16:30:00-06:00,92,"165.65 x 6","169.15 x 13",165.65,330,bid,5466400,580,32,90.54%,-0.9227785588,MLFT,SellToOpen,"14:53:32 ET"
COF,201.845,Put,240,2025-10-17T16:30:00-05:00,1,"36.60 x 24","39.50 x 29",36.9,1480,mid,5461200,1480,2,0.00%,0,MLFT,ToOpen,"14:55:59 ET"
PGR,222.7621,Put,270,2025-11-21T16:30:00-06:00,36,"45.60 x 7","49.10 x 6",49.1,1110,ask,5450100,1150,73,53.00%,-0.8610998758,MLFT,BuyToOpen,"15:01:05 ET"
MU,203.8,Call,300,2026-03-20T16:30:00-05:00,155,"10.55 x 123","10.90 x 1",10.9,5000,ask,5450000,5080,411,65.31%,0.2550532757265,MLFT,BuyToOpen,"11:45:41 ET"
NKE,66.84,Put,120,2026-01-16T16:30:00-06:00,92,"51.30 x 241","54.85 x 208",51.9,1050,mid,5449500,2520,507,69.49%,-0.946287684,SLFT,N/A,"15:58:33 ET"
BIDU,121.075,Put,140,2025-10-17T16:30:00-05:00,1,"17.90 x 272","19.85 x 85",19.32,2810,mid,5428900,2812,804,189.04%,-0.9220391055,MLFT,ToOpen,"14:48:54 ET"
HUM,266.19,Put,295,2025-10-17T16:30:00-05:00,1,"26.70 x 57","30.50 x 32",30.14,1780,mid,5364900,1783,201,163.64%,-0.876319493,MLFT,ToOpen,"14:54:02 ET"
AJG,280.13,Put,350,2025-12-19T16:30:00-06:00,64,"67.50 x 2","71.50 x 2",71.5,750,ask,5362500,750,151,42.41%,-0.8867458015,MLFT,BuyToOpen,"14:48:05 ET"
ASML,1019.215,Put,1120,2025-10-17T16:30:00-05:00,1,"98.00 x 31","106.00 x 10",98.01,540,mid,5292500,833,95,110.52%,-0.945583234,MLFT,ToOpen,"14:54:53 ET"
BIDU,121.075,Put,136,2025-10-17T16:30:00-05:00,1,"13.80 x 140","16.00 x 17",16,3270,ask,5232000,3905,1232,212.26%,-0.8390395716,MLFT,BuyToOpen,"14:48:54 ET"
MP,84.4192,Put,90,2025-10-17T16:30:00-05:00,1,"5.90 x 231","6.60 x 187",6.53,8000,mid,5224000,10179,9909,161.64%,-0.7622600397,MLAT,N/A,"14:33:08 ET"
NVDA,181.2048,Call,170,2025-10-24T16:30:00-05:00,8,"12.75 x 113","12.90 x 167",12.95,4000,ask,5180000,5854,4196,53.82%,0.80293431709636,MLFT,N/A,"14:44:40 ET"
ASML,1019.215,Put,1100,2025-10-17T16:30:00-05:00,1,"78.10 x 43","86.00 x 23",78.44,660,mid,5177000,669,71,90.47%,-0.9440396848,MLFT,ToOpen,"14:54:53 ET"
RH,175.99,Put,230,2025-10-17T16:30:00-05:00,1,"51.10 x 7","58.30 x 34",55.7,920,mid,5124400,1943,131,377.72%,-0.8952739588,SLFT,N/A,"15:55:06 ET"
TSM,300.86,Put,340,2026-09-18T16:30:00-05:00,337,"68.00 x 11","69.20 x 44",68.29,750,mid,5121700,750,9,42.35%,-0.5264834001,MLFT,ToOpen,"13:14:08 ET"
LULU,162.17,Put,310,2025-12-19T16:30:00-06:00,64,"144.65 x 10","148.65 x 10",146,350,mid,5110000,350,44,0.00%,0,SLFT,ToOpen,"14:33:03 ET"
NKE,66.795,Put,120,2026-01-16T16:30:00-06:00,92,"51.30 x 182","54.85 x 148",51.98,980,mid,5094000,1260,507,0.00%,0,MLFT,ToOpen,"15:04:09 ET"
PLTR,178.816,Put,200,2026-09-18T16:30:00-05:00,337,"50.30 x 377","50.95 x 212",50.47,1000,mid,5047000,1002,263,59.75%,-0.4519836339,MLCT,ToOpen,"12:19:39 ET"
DECK,98.565,Put,115,2025-10-17T16:30:00-05:00,1,"16.00 x 35","18.30 x 38",17.2,2900,mid,4988000,5800,1544,246.22%,-0.8712111776,SLFT,N/A,"15:47:10 ET"
HD,384.61,Call,410,2028-01-21T16:30:00-06:00,827,"48.55 x 9","50.30 x 31",49.4,1000,mid,4940000,1000,21,25.25%,0.51058474894779,MLCT,ToOpen,"13:43:05 ET"
RGTI,48.8,Put,52,2025-10-17T16:30:00-05:00,1,"4.75 x 223","5.00 x 197",4.9,10000,mid,4900000,16923,13545,268.21%,-0.6486676678,MLAT,N/A,"11:09:20 ET"
ACN,235.52,Put,350,2026-01-16T16:30:00-06:00,92,"112.90 x 21","116.40 x 21",116.4,420,ask,4888800,420,92,56.38%,-0.9011299544,MLFT,BuyToOpen,"14:50:11 ET"
SATS,72.36,Call,60,2025-10-31T16:30:00-05:00,15,"12.00 x 123","12.60 x 4",12.65,3853,ask,4874000,3906,0,58.84%,0.94991100013085,MLET,BuyToOpen,"15:39:00 ET"
IREN,63.7604,Call,70,2025-12-19T16:30:00-06:00,64,"12.00 x 127","12.30 x 25",12.15,4000,mid,4860000,4825,13425,135.19%,0.55213743844841,TLCT,N/A,"11:44:41 ET"
LULU,163.79,Put,300,2025-12-19T16:30:00-06:00,64,"133.25 x 6","138.85 x 16",138.85,350,ask,4859700,350,32,106.28%,-0.8810456033,MLFT,BuyToOpen,"14:50:33 ET"
ACN,234.11,Put,350,2026-01-16T16:30:00-06:00,92,"113.70 x 72","117.00 x 46",115.5,420,mid,4851000,840,92,0.00%,0,SLFT,N/A,"15:43:50 ET"
COIN,338.16,Call,350,2025-10-24T16:30:00-05:00,8,"8.20 x 385","8.75 x 347",8.5,5680,mid,4828000,5746,1211,63.81%,0.37918940160436,MLAT,ToOpen,"09:47:22 ET"
MTN,148.25,Call,150,2025-11-21T16:30:00-06:00,36,"5.50 x 10","7.60 x 10",8,6000,ask,4800000,6223,112,44.32%,0.48829056510589,MLFT,BuyToOpen,"10:27:50 ET"
ORCL,305.43,Put,260,2026-09-18T16:30:00-05:00,337,"31.90 x 114","32.60 x 114",31.9,1500,bid,4785000,1502,188,51.55%,-0.2675758987,TLCT,SellToOpen,"11:44:15 ET"
FICO,1622.2,Put,1840,2025-10-17T16:30:00-05:00,1,"209.30 x 1","227.30 x 1",227.3,210,ask,4773300,212,22,197.56%,-0.8783067817,MLFT,BuyToOpen,"14:51:41 ET"
QURE,62.76,Call,15,2025-10-17T16:30:00-05:00,1,"46.60 x 161","48.90 x 123",47.61,1000,mid,4761000,1010,4064,0.00%,0,MLCT,N/A,"10:13:37 ET"
KMX,43.13,Put,57.5,2025-10-17T16:30:00-05:00,1,"13.90 x 229","15.70 x 206",15.7,3000,ask,4710000,3435,829,572.82%,-0.7907822942,MLFT,BuyToOpen,"15:12:47 ET"
SATS,72.36,Call,60,2025-10-17T16:30:00-05:00,1,"12.20 x 62","13.00 x 25",12.2,3853,bid,4700600,3921,4867,0.00%,0,MLET,N/A,"15:39:00 ET"
ACN,234.11,Put,315,2025-11-21T16:30:00-06:00,36,"78.70 x 129","82.10 x 153",80.7,580,mid,4680600,1560,95,0.00%,0,SLFT,N/A,"15:43:50 ET"
ALAB,161.21,Put,240,2025-10-17T16:30:00-05:00,1,"76.90 x 106","79.40 x 14",77.9,600,mid,4674000,4200,532,0.00%,0,SLFT,N/A,"14:36:21 ET"
GEV,600.1,Put,690,2025-10-17T16:30:00-05:00,1,"87.80 x 6","94.70 x 70",94.7,490,ask,4640300,490,48,136.74%,-0.9726738806,MLFT,BuyToOpen,"14:52:11 ET"
SMR,55.648,Put,51,2025-10-24T16:30:00-05:00,8,"2.63 x 164","3.85 x 330",3.07,15000,mid,4605000,15009,84,161.65%,-0.3129994849,MLAT,ToOpen,"10:36:47 ET"
NFLX,1179.0601,Call,1095,2025-10-24T16:30:00-05:00,8,"101.50 x 30","104.60 x 27",101.3,450,bid,4558500,450,4,73.51%,0.77107805253552,MLFT,SellToOpen,"15:37:13 ET"
IREN,64.31,Call,10,2026-01-16T16:30:00-06:00,92,"53.30 x 98","53.35 x 413",53.35,851,ask,4540000,1226,40223,0.00%,0,AUTO,N/A,"13:07:20 ET"
TSLA,425.7289,Put,440,2025-12-19T16:30:00-06:00,64,"47.40 x 20","47.65 x 62",47.74,950,ask,4535300,1076,2902,58.01%,-0.4976216957,MLFT,N/A,"14:44:17 ET"
MSTR,284.4385,Put,425,2025-10-17T16:30:00-05:00,1,"138.75 x 15","141.25 x 13",139.5,325,mid,4533700,326,32,0.00%,0,SLFT,ToOpen,"14:31:55 ET"
ACN,235.52,Put,315,2025-11-21T16:30:00-06:00,36,"78.10 x 36","81.30 x 25",78.1,580,bid,4529800,980,95,49.66%,-0.9693267225,MLFT,SellToOpen,"14:50:11 ET"
BIDU,121.075,Put,142,2025-10-17T16:30:00-05:00,1,"19.55 x 143","22.25 x 19",19.55,2290,bid,4476900,2290,640,0.00%,0,MLFT,SellToOpen,"14:48:54 ET"
CORZ,19.595,Call,10,2025-11-21T16:30:00-06:00,36,"8.40 x 2924","10.30 x 544",9.8,4500,mid,4410000,4500,5116,140.40%,0.96041287663677,TLCT,N/A,"15:37:07 ET"
CORZ,19.525,Call,10,2025-11-21T16:30:00-06:00,36,"8.40 x 3275","9.80 x 419",9.8,4500,ask,4410000,9000,5116,151.98%,0.95045251208092,TLCT,N/A,"15:47:57 ET"
OKLO,163.9515,Call,170,2025-11-21T16:30:00-06:00,36,"23.10 x 117","24.30 x 24",24,1835,mid,4404000,6055,1970,128.09%,0.54828533453618,AUTO,N/A,"14:54:17 ET"
DXCM,66.19,Put,110,2026-01-16T16:30:00-06:00,92,"43.40 x 359","45.70 x 260",44,1000,mid,4400000,1000,345,64.18%,-0.9469452339,MLFT,ToOpen,"15:15:16 ET"
AAPL,246.335,Put,260,2025-10-17T16:30:00-05:00,1,"13.15 x 151","13.75 x 728",13.75,3180,ask,4372500,6877,618,56.58%,-0.9654499553,MLFT,N/A,"14:47:44 ET"
KNSA,38.78,Call,30,2025-10-17T16:30:00-05:00,1,"8.50 x 6","8.80 x 1",8.7,5000,mid,4350000,5019,5177,218.32%,0.98939587633003,SLCN,N/A,"12:42:15 ET"
CAVA,63.4,Put,75,2025-10-17T16:30:00-05:00,1,"10.95 x 353","12.70 x 278",12.7,3410,ask,4330700,3434,4299,203.72%,-0.9361727007,MLFT,N/A,"14:55:41 ET"
ALAB,164.53,Put,222.5,2025-10-17T16:30:00-05:00,1,"57.50 x 30","60.30 x 98",60.3,710,ask,4281300,3302,305,361.40%,-0.9333928382,MLFT,N/A,"14:53:24 ET"
RH,174.8483,Put,220,2025-10-17T16:30:00-05:00,1,"43.00 x 11","47.80 x 17",47.8,890,ask,4254200,890,104,392.85%,-0.8447709188,MLFT,BuyToOpen,"15:04:02 ET"
NFLX,1182.035,Put,1280,2025-10-17T16:30:00-05:00,1,"96.45 x 27","102.25 x 20",96.45,440,bid,4243800,466,35,86.40%,-0.9594969699,MLFT,SellToOpen,"15:00:34 ET"
UNH,355.75,Put,450,2026-07-17T16:30:00-05:00,274,"105.35 x 266","110.05 x 29",107.7,393,mid,4232600,1001,1079,37.12%,-0.7117796784,MLET,N/A,"14:17:49 ET"
ANF,70.62,Put,70,2025-11-21T16:30:00-06:00,36,"3.80 x 28","4.00 x 44",4,10499,ask,4199600,10517,12517,49.88%,-0.4401613198,MLAT,N/A,"09:59:39 ET"
AVGO,354.041,Call,230,2027-06-17T16:30:00-05:00,609,"160.25 x 13","160.30 x 1073",160.25,261,bid,4182500,1481,405,53.57%,0.84164287224494,AUTO,N/A,"13:39:42 ET"
ENPH,37.64,Put,105,2026-01-16T16:30:00-06:00,92,"66.25 x 406","69.00 x 404",66.25,630,bid,4173700,730,324,121.95%,-0.9335938688,MLFT,SellToOpen,"14:54:54 ET"
APO,121.295,Put,190,2026-01-16T16:30:00-06:00,92,"66.90 x 231","69.40 x 152",68.31,610,mid,4166900,610,130,0.00%,0,MLFT,ToOpen,"14:48:25 ET"
OKLO,162.714,Call,220,2026-03-20T16:30:00-05:00,155,"33.55 x 31","34.50 x 45",34.49,1208,mid,4166300,1225,2329,120.17%,0.5112085188594,SLCN,N/A,"11:33:39 ET"
MSTR,286.93,Put,425,2025-10-17T16:30:00-05:00,1,"136.70 x 29","138.55 x 26",138.55,300,ask,4156500,626,32,367.78%,-0.9742444583,MLFT,N/A,"15:00:23 ET"
LULU,162.17,Put,330,2026-01-16T16:30:00-06:00,92,"163.00 x 11","168.30 x 10",165.65,250,mid,4141200,250,32,0.00%,0,SLFT,ToOpen,"14:33:03 ET"
FIG,58.62,Call,61,2025-10-24T16:30:00-05:00,8,"1.92 x 647","2.20 x 10",2.17,19000,mid,4123000,19260,576,90.69%,0.41189517145444,MLAT,ToOpen,"14:29:12 ET"
GOOGL,252.68,Put,265,2027-01-15T16:30:00-06:00,456,"41.00 x 38","41.50 x 14",41.1,1000,mid,4110000,3518,89,34.74%,-0.4491548334,SLCN,N/A,"13:15:21 ET"
LULU,163.79,Put,290,2025-12-19T16:30:00-06:00,64,"123.05 x 11","130.80 x 11",123.05,330,bid,4060600,330,38,84.49%,-0.9404611397,MLFT,SellToOpen,"14:50:33 ET"
ADBE,329.71,Put,365,2025-10-17T16:30:00-05:00,1,"31.50 x 168","37.10 x 135",31.51,1280,mid,4033200,4974,557,0.00%,0,MLFT,N/A,"14:47:54 ET"
RH,175.99,Put,220,2025-10-17T16:30:00-05:00,1,"43.00 x 9","47.80 x 23",45.2,890,mid,4022800,1780,104,308.41%,-0.903566044,SLFT,N/A,"15:55:06 ET"
ALAB,164.53,Put,207.5,2025-10-17T16:30:00-05:00,1,"41.90 x 112","45.20 x 88",41.9,960,bid,4022400,974,200,269.74%,-0.9422379214,MLFT,SellToOpen,"14:53:24 ET"
HUM,266.35,Put,230,2027-01-15T16:30:00-06:00,456,"23.30 x 149","26.90 x 11",26.75,1500,mid,4012500,1500,122,41.57%,-0.2734103696,SLCN,ToOpen,"14:41:31 ET"
TSLA,427.64,Call,447.5,2025-10-24T16:30:00-05:00,8,"10.95 x 60","11.10 x 26",11.07,3600,mid,3985200,3829,508,74.59%,0.36399928515286,MLAT,ToOpen,"12:37:52 ET"
COF,201.845,Put,230,2025-10-17T16:30:00-05:00,1,"26.90 x 118","29.20 x 60",26.9,1480,bid,3981200,1499,486,0.00%,0,MLFT,SellToOpen,"14:55:59 ET"
TECK,44.49,Call,39,2025-10-17T16:30:00-05:00,1,"4.10 x 640","5.60 x 64",5.74,6920,ask,3972000,7529,4504,0.00%,0,LATE,BuyToOpen,"11:49:34 ET"
APP,599.35,Call,560,2025-10-24T16:30:00-05:00,8,"46.30 x 94","51.90 x 73",46.5,850,mid,3952500,851,28,60.74%,0.79110519920035,MLFT,ToOpen,"15:36:28 ET"
ADBE,329.47,Put,590,2026-01-16T16:30:00-06:00,92,"256.30 x 74","262.45 x 22",262.45,150,ask,3936700,250,9,76.54%,-0.9265432216,MLFT,BuyToOpen,"14:52:32 ET"
GOOGL,251.185,Call,250,2025-11-07T16:30:00-06:00,22,"13.05 x 6","13.20 x 50",13.13,2998,mid,3936300,3199,1581,48.60%,0.5469640496424,AUTO,ToOpen,"15:14:45 ET"
MSTR,284.4385,Put,460,2025-10-17T16:30:00-05:00,1,"173.00 x 15","175.65 x 11",174.85,225,mid,3934100,225,23,0.00%,0,SLFT,ToOpen,"14:31:55 ET"
AAPL,246.335,Put,275,2025-10-17T16:30:00-05:00,1,"27.90 x 400","28.80 x 384",28.68,1370,mid,3929100,4270,101,85.79%,-0.9934026437,MLFT,N/A,"14:47:44 ET"
UNH,355.75,Put,440,2026-07-17T16:30:00-05:00,274,"97.35 x 115","102.05 x 37",99.7,393,mid,3918200,1001,1062,37.05%,-0.6875647718,MLET,N/A,"14:17:49 ET"
BABA,165.767,Put,187.5,2025-10-17T16:30:00-05:00,1,"21.60 x 319","23.75 x 358",21.6,1810,bid,3909600,5125,435,192.46%,-0.879484805,MLFT,N/A,"14:54:36 ET"
LULU,165.03,Put,172.5,2025-10-17T16:30:00-05:00,1,"7.10 x 199","8.20 x 130",7.81,4999,mid,3904200,6021,7119,70.72%,-0.8804873669,MLAT,N/A,"11:07:21 ET"
COIN,339.205,Call,352.5,2025-10-24T16:30:00-05:00,8,"7.15 x 383","8.05 x 295",7.78,4999,mid,3889200,7365,4203,64.77%,0.36554328841355,MLAT,N/A,"11:31:25 ET"
UNH,355.25,Put,550,2025-12-19T16:30:00-06:00,64,"191.50 x 50","196.40 x 38",194.25,200,mid,3885000,390,18,0.00%,0,SLFT,N/A,"15:39:01 ET"
CAT,541.705,Call,480,2026-01-16T16:30:00-06:00,92,"80.20 x 49","82.95 x 74",80.2,484,bid,3881600,485,493,38.91%,0.77253491252894,MLFT,N/A,"15:12:42 ET"
PLTR,177.652,Call,190,2026-09-18T16:30:00-05:00,337,"38.35 x 205","38.90 x 210",38.75,1000,mid,3875000,1116,668,60.94%,0.59409180895953,TLCT,ToOpen,"14:40:53 ET"
RGTI,48.8,Call,51,2025-10-24T16:30:00-05:00,8,"3.35 x 566","4.00 x 444",3.85,10000,mid,3850000,10277,216,165.12%,0.47826123935563,MLAT,ToOpen,"11:09:20 ET"
CNC,35.56,Put,37,2025-10-17T16:30:00-05:00,1,"1.40 x 71","1.55 x 21",1.53,25000,mid,3825000,25025,25771,69.67%,-0.8576266005,MLAT,N/A,"15:47:03 ET"
MSTR,286.93,Put,460,2025-10-17T16:30:00-05:00,1,"171.80 x 18","173.70 x 17",173.7,220,ask,3821400,445,23,444.63%,-0.9721999318,MLFT,N/A,"15:00:23 ET"
SJM,103.9802,Put,120,2025-10-17T16:30:00-05:00,1,"14.90 x 26","16.50 x 20",16.5,2310,ask,3811500,2310,0,202.45%,-0.9030232713,MLFT,BuyToOpen,"15:03:35 ET"
ADBE,329.25,Put,380,2025-10-17T16:30:00-05:00,1,"49.15 x 78","51.80 x 42",50.8,750,mid,3810000,3150,241,117.15%,-0.9902265408,SLFT,N/A,"14:40:19 ET"
BMNR,52.24,Put,70,2025-10-17T16:30:00-05:00,1,"17.50 x 808","18.60 x 856",17.95,2120,mid,3805400,2167,2453,365.43%,-0.9243148354,MLFT,N/A,"14:55:26 ET"
TTD,49.82,Put,70,2025-10-17T16:30:00-05:00,1,"19.25 x 613","20.65 x 297",20.56,1850,mid,3803600,12789,4145,0.00%,0,MLFT,N/A,"15:12:41 ET"
BABA,167,Call,170,2026-01-16T16:30:00-06:00,92,"15.15 x 148","15.75 x 839",15.2,2500,mid,3800000,2600,4668,49.68%,0.52540481818665,SLCN,N/A,"11:36:02 ET"
TTD,49.82,Put,70,2025-10-17T16:30:00-05:00,1,"19.25 x 545","20.65 x 302",19.25,1970,bid,3792200,12789,4145,0.00%,0,MLFT,N/A,"15:13:22 ET"
CAVA,63.4,Put,80,2025-10-17T16:30:00-05:00,1,"15.25 x 210","18.75 x 44",18.06,2090,mid,3774500,2970,106,455.59%,-0.8039818643,MLFT,ToOpen,"14:55:41 ET"
BIDU,121.075,Put,135,2025-10-17T16:30:00-05:00,1,"13.15 x 179","15.05 x 64",15.05,2500,ask,3762500,2526,952,206.56%,-0.8295979795,MLFT,BuyToOpen,"14:48:54 ET"
BABA,165.767,Put,182.5,2025-10-17T16:30:00-05:00,1,"16.15 x 425","17.35 x 218",17.34,2160,mid,3745400,5922,1396,143.77%,-0.8925425024,MLFT,N/A,"14:54:36 ET"
DECK,97.85,Put,115,2025-10-17T16:30:00-05:00,1,"16.00 x 29","18.40 x 19",16,2340,bid,3744000,2900,1544,148.85%,-0.9794109135,MLFT,SellToOpen,"14:55:15 ET"
CNC,35.56,Put,36,2025-10-24T16:30:00-05:00,8,"1.45 x 14","1.55 x 153",1.49,25000,mid,3725000,25032,321,60.31%,-0.5340821003,MLAT,ToOpen,"15:47:03 ET"
MSTR,286.29,Put,357.5,2025-10-17T16:30:00-05:00,1,"70.60 x 39","72.40 x 39",72.4,510,ask,3692400,515,54,204.79%,-0.9786012866,MLFT,BuyToOpen,"15:04:02 ET"
NVDA,182.595,Put,200,2027-12-17T16:30:00-06:00,792,"49.05 x 9","49.25 x 278",49.15,750,mid,3686200,751,3723,42.81%,-0.4143429373,MLFT,N/A,"10:27:11 ET"
PG,149.6101,Put,160,2025-10-17T16:30:00-05:00,1,"9.60 x 311","11.35 x 233",10.5,3500,mid,3675000,3500,779,75.81%,-0.9528316661,SLFT,ToOpen,"14:42:14 ET"
UPS,84.92,Put,100,2025-10-17T16:30:00-05:00,1,"14.35 x 52","16.90 x 10",15.2,2400,mid,3648000,2400,58,172.09%,-0.9614888565,MLFT,ToOpen,"14:36:53 ET"
UNH,356.2,Put,550,2025-12-19T16:30:00-06:00,64,"191.30 x 45","196.40 x 45",191.3,190,bid,3634700,190,18,51.51%,-0.9883535948,MLFT,SellToOpen,"15:01:16 ET"
HOOD,132.5821,Put,100,2028-01-21T16:30:00-06:00,827,"25.10 x 20","25.70 x 65",25.22,1440,mid,3631600,1441,57,64.69%,-0.2033645579,SLCN,ToOpen,"14:05:07 ET"
FIG,57.73,Put,70,2025-11-21T16:30:00-06:00,36,"15.40 x 916","17.00 x 91",16.14,2250,mid,3631500,2259,4818,111.71%,-0.6436806768,MLCT,N/A,"15:34:01 ET"
RDDT,197.73,Put,260,2025-10-17T16:30:00-05:00,1,"60.05 x 128","63.25 x 157",63.25,570,ask,3605200,570,95,334.37%,-0.9301939542,MLFT,BuyToOpen,"15:02:04 ET"
PG,149.6,Put,160,2025-10-17T16:30:00-05:00,1,"8.75 x 429","12.10 x 415",10.3,3500,mid,3605000,7000,779,60.19%,-0.9831742929,SLFT,N/A,"15:59:40 ET"
AAPL,245.525,Put,250,2025-11-21T16:30:00-06:00,36,"11.15 x 34","11.35 x 623",11.26,3200,mid,3603200,3724,24414,30.01%,-0.5472698076,MLCT,N/A,"14:25:03 ET"
NFLX,1182.035,Put,1300,2025-10-17T16:30:00-05:00,1,"116.00 x 7","123.55 x 8",116,310,bid,3596000,311,33,81.32%,-0.9875377642,MLFT,SellToOpen,"15:00:34 ET"
LULU,163.79,Put,310,2026-01-16T16:30:00-06:00,92,"143.05 x 5","148.50 x 12",143.05,250,bid,3576200,250,28,0.00%,0,MLFT,SellToOpen,"14:53:32 ET"
TXN,174.931,Put,200,2025-10-17T16:30:00-05:00,1,"24.10 x 96","26.10 x 61",24.44,1460,mid,3568200,2560,166,109.50%,-0.9896518238,MLFT,ToOpen,"15:03:16 ET"
COST,922.14,Put,1100,2025-10-17T16:30:00-05:00,1,"173.40 x 17","180.90 x 2",177.85,200,mid,3557000,223,21,0.00%,0,SLFT,ToOpen,"14:34:10 ET"
ADBE,328.02,Put,405,2025-10-17T16:30:00-05:00,1,"72.65 x 82","79.30 x 75",77,460,mid,3542000,1470,38,152.91%,-0.9959771116,SLFT,N/A,"15:45:34 ET"
RGTI,48.8,Put,45,2025-10-24T16:30:00-05:00,8,"3.45 x 174","3.60 x 89",3.52,10000,mid,3520000,12197,2585,188.31%,-0.3325293743,MLAT,ToOpen,"11:09:20 ET"
CRWV,139.85,Call,145,2026-01-16T16:30:00-06:00,92,"22.00 x 26","22.40 x 171",22.4,1567,ask,3510000,5875,3045,85.76%,0.56151053428111,AUTO,N/A,"12:18:09 ET"
ADBE,328.02,Put,390,2025-10-17T16:30:00-05:00,1,"58.85 x 74","63.50 x 48",61.2,570,mid,3488400,1940,50,0.00%,0,SLFT,N/A,"15:45:34 ET"
ENPH,37.44,Put,110,2026-01-16T16:30:00-06:00,92,"70.90 x 381","73.85 x 158",72.45,480,mid,3477600,820,96,0.00%,0,SLFT,ToOpen,"15:16:29 ET"
MA,548.255,Put,595,2025-10-17T16:30:00-05:00,1,"43.35 x 22","48.10 x 11",45.53,760,mid,3460200,790,74,0.00%,0,MLFT,ToOpen,"14:49:58 ET"
TXN,174.931,Put,220,2025-10-17T16:30:00-05:00,1,"44.05 x 40","46.25 x 14",44.05,780,bid,3435900,1430,80,195.32%,-0.9858436504,MLFT,SellToOpen,"15:03:16 ET"
QUBT,18.925,Call,20,2025-10-24T16:30:00-05:00,8,"1.10 x 76","1.20 x 14",1.24,27676,ask,3431800,28220,1186,141.65%,0.43866027220259,MLAT,BuyToOpen,"14:41:52 ET"
APP,601.24,Put,725,2025-10-17T16:30:00-05:00,1,"122.00 x 13","132.00 x 19",126.91,270,mid,3426500,270,20,254.95%,-0.9092511008,MLFT,ToOpen,"14:54:31 ET"
CLS,285.62,Put,300,2025-11-07T16:30:00-06:00,22,"33.00 x 26","34.40 x 994",34.4,994,ask,3419300,1000,0,94.38%,-0.5353050001,AUTO,BuyToOpen,"09:31:32 ET"
CVNA,344.38,Call,330,2025-10-31T16:30:00-05:00,15,"36.00 x 6","39.35 x 49",38.28,883,mid,3380100,1804,3102,111.42%,0.62143132186071,MLAT,N/A,"14:34:59 ET"
UNH,356.2,Put,600,2026-01-16T16:30:00-06:00,92,"241.30 x 45","246.30 x 46",241.31,140,mid,3378300,1490,98,0.00%,-1.,MLFT,N/A,"15:01:16 ET"
CVNA,344.38,Call,330,2025-10-31T16:30:00-05:00,15,"36.10 x 1","39.35 x 2",39.32,859,mid,3377500,1804,3102,111.42%,0.62143132186071,SLAN,N/A,"14:36:44 ET"
NFLX,1208.2216,Put,1500,2026-01-16T16:30:00-06:00,92,"298.00 x 57","300.60 x 1",298,113,bid,3367400,283,367,36.01%,-0.8862818023,AUTO,N/A,"10:55:51 ET"
ADBE,329.71,Put,390,2025-10-17T16:30:00-05:00,1,"58.85 x 16","62.35 x 50",58.85,570,bid,3354400,1370,50,167.83%,-0.9693602368,MLFT,N/A,"14:47:54 ET"
ADBE,329.25,Put,375,2025-10-17T16:30:00-05:00,1,"43.75 x 151","46.35 x 85",44.7,750,mid,3352500,2750,213,0.00%,0,SLFT,N/A,"14:40:19 ET"
SPOT,664.765,Put,740,2025-10-17T16:30:00-05:00,1,"69.50 x 17","77.65 x 20",77.65,430,ask,3338900,437,36,155.00%,-0.8999476779,MLFT,BuyToOpen,"15:02:26 ET"
META,709.38,Put,762.5,2025-10-17T16:30:00-05:00,1,"52.60 x 32","54.65 x 95",54.65,610,ask,3333600,618,69,101.81%,-0.9080729651,MLFT,BuyToOpen,"14:53:15 ET"
ALAB,164.53,Put,215,2025-10-17T16:30:00-05:00,1,"49.90 x 18","52.60 x 25",52.6,630,ask,3313800,631,117,415.46%,-0.8689784213,MLFT,BuyToOpen,"14:53:24 ET"
FICO,1622.2,Put,1850,2025-10-17T16:30:00-05:00,1,"219.10 x 1","236.60 x 1",236.59,140,mid,3312200,1345,106,199.26%,-0.8864283454,MLFT,N/A,"14:51:41 ET"
TSLA,422.39,Put,477.5,2025-10-17T16:30:00-05:00,1,"54.85 x 15","55.55 x 23",55.15,600,mid,3309000,639,159,98.07%,-0.9918657379,SLFT,ToOpen,"14:37:23 ET"
UNH,355.25,Put,530,2025-12-19T16:30:00-06:00,64,"171.00 x 46","177.95 x 46",173.15,190,mid,3289800,370,18,56.27%,-0.9523424693,SLFT,N/A,"15:39:01 ET"
BE,122,Call,170,2025-11-21T16:30:00-06:00,36,"8.00 x 56","8.70 x 69",8,4100,bid,3280000,5629,11268,138.18%,0.29523994370344,SLFT,N/A,"10:49:53 ET"
OKLO,159.45,Put,160,2025-10-31T16:30:00-05:00,15,"16.75 x 259","17.50 x 1872",17.5,1872,ask,3276000,2379,2817,134.77%,-0.448765517,AUTO,N/A,"11:42:51 ET"
DE,455.93,Put,540,2025-10-17T16:30:00-05:00,1,"83.00 x 6","88.50 x 19",88.5,370,ask,3274500,370,2,279.90%,-0.860313879,MLFT,BuyToOpen,"14:51:20 ET"
ADBE,329.71,Put,405,2025-10-17T16:30:00-05:00,1,"71.15 x 85","77.75 x 73",71.15,460,bid,3272900,1010,38,0.00%,0,MLFT,N/A,"14:47:54 ET"
NFLX,1182.035,Put,1270,2025-10-17T16:30:00-05:00,1,"86.55 x 13","93.50 x 27",93.5,350,ask,3272500,354,33,72.38%,-0.9703486893,MLFT,BuyToOpen,"15:00:34 ET"
META,709.38,Put,770,2025-10-17T16:30:00-05:00,1,"60.60 x 10","62.75 x 26",60.6,540,bid,3272400,540,45,84.42%,-0.96719406,MLFT,SellToOpen,"14:53:15 ET"
MSTR,284.46,Call,450,2026-02-20T16:30:00-06:00,127,"10.80 x 38","11.10 x 48",10.8,3000,bid,3240000,3041,667,71.37%,0.19881680612857,MLFT,SellToOpen,"15:51:29 ET"
DE,455.93,Put,490,2025-10-17T16:30:00-05:00,1,"32.50 x 10","38.80 x 20",38.57,840,mid,3239800,840,5,163.73%,-0.7874516184,MLFT,ToOpen,"14:51:20 ET"
APP,611.47,Put,600,2025-12-19T16:30:00-06:00,64,"61.00 x 19","64.90 x 7",64.75,500,mid,3237500,551,196,71.78%,-0.408477492,TLFT,ToOpen,"11:23:46 ET"
LULU,162.17,Put,190,2025-10-17T16:30:00-05:00,1,"25.80 x 188","28.15 x 112",25.8,1250,bid,3225000,1300,143,0.00%,0,SLFT,SellToOpen,"14:33:03 ET"
COIN,335,Call,230,2025-10-17T16:30:00-05:00,1,"102.65 x 238","109.10 x 29",107.35,300,mid,3220500,300,365,494.37%,0.94330520572603,MLFT,N/A,"14:02:19 ET"
APP,601.24,Put,700,2025-10-17T16:30:00-05:00,1,"95.80 x 22","103.70 x 27",103.7,310,ask,3214700,310,22,157.88%,-0.9642479982,MLFT,BuyToOpen,"14:54:31 ET"
FICO,1622.2,Put,1880,2025-10-17T16:30:00-05:00,1,"250.00 x 3","267.10 x 1",267.1,120,ask,3205200,120,10,219.52%,-0.8899479935,MLFT,BuyToOpen,"14:51:41 ET"
ACN,235.825,Put,315,2025-11-21T16:30:00-06:00,36,"78.10 x 21","81.80 x 21",80.1,400,mid,3203900,400,95,59.20%,-0.9315082455,SLFT,ToOpen,"14:42:37 ET"
RH,174.8483,Put,230,2025-10-17T16:30:00-05:00,1,"52.50 x 29","59.10 x 33",52.5,610,bid,3202500,973,131,315.55%,-0.9427363831,MLFT,SellToOpen,"15:04:02 ET"
SPOT,662.68,Call,685,2025-11-07T16:30:00-06:00,22,"32.00 x 999","34.30 x 76",32,999,bid,3196800,1030,22,63.03%,0.45192918244615,AUTO,SellToOpen,"14:34:20 ET"
V,335.9601,Put,370,2025-10-17T16:30:00-05:00,1,"33.75 x 12","35.20 x 12",35.2,900,ask,3168000,900,34,72.59%,-0.9953408211,MLFT,BuyToOpen,"15:01:01 ET"
MP,84.4192,Call,89,2025-10-24T16:30:00-05:00,8,"3.80 x 45","4.00 x 79",3.96,8000,mid,3168000,8312,255,115.01%,0.41293160245448,MLAT,ToOpen,"14:33:08 ET"
COIN,335,Call,240,2025-12-19T16:30:00-06:00,64,"104.30 x 105","105.55 x 54",105.55,300,ask,3166500,300,1150,78.12%,0.88601939971999,MLFT,N/A,"14:02:19 ET"
AVGO,350.45,Call,230,2027-06-17T16:30:00-05:00,609,"156.75 x 2","156.75 x 21",156.75,202,ask,3166300,2462,405,53.24%,0.83858453442245,AUTO,N/A,"14:39:43 ET"
AAPL,246.335,Put,270,2025-10-24T16:30:00-05:00,8,"23.15 x 122","23.80 x 185",23.8,1330,ask,3165400,1981,85,36.27%,-0.9590519052,MLFT,BuyToOpen,"14:47:44 ET"
ADBE,328.02,Put,385,2025-10-17T16:30:00-05:00,1,"54.15 x 135","58.70 x 112",56.4,560,mid,3158400,1770,49,0.00%,0,SLFT,N/A,"15:45:34 ET"
NVDA,181.37,Call,240,2026-12-18T16:30:00-06:00,428,"18.00 x 1","18.15 x 134",18,1750,bid,3150000,1765,3661,42.90%,0.38949386506265,SLCN,N/A,"15:49:19 ET"
ACN,234.11,Put,330,2025-11-21T16:30:00-06:00,36,"93.80 x 127","96.70 x 28",95.3,330,mid,3144900,905,33,0.00%,0,SLFT,N/A,"15:43:50 ET"
AMD,237.3926,Call,200,2027-01-15T16:30:00-06:00,456,"77.80 x 59","78.35 x 77",78.04,400,mid,3121600,484,12069,55.77%,0.74499801300901,MLET,N/A,"09:48:22 ET"
ADBE,328.02,Put,590,2026-01-16T16:30:00-06:00,92,"257.65 x 43","264.05 x 21",260,120,mid,3120000,400,9,63.55%,-0.9837610041,SLFT,N/A,"15:45:34 ET"
SOFI,27.59,Put,27,2027-06-17T16:30:00-05:00,609,"7.75 x 1355","9.00 x 2878",7.8,4000,mid,3120000,4000,677,65.20%,-0.3140540441,TLCT,ToOpen,"11:37:34 ET"
GEV,600.1,Put,700,2025-10-17T16:30:00-05:00,1,"97.30 x 6","105.00 x 88",103.96,300,mid,3118700,540,60,236.63%,-0.8812593907,MLFT,N/A,"14:52:11 ET"
TSLA,425.7289,Put,435,2026-04-17T16:30:00-05:00,183,"68.80 x 73","69.20 x 29",69.22,450,ask,3114900,470,111,56.45%,-0.4299135145,MLFT,BuyToOpen,"14:44:17 ET"
INTU,644.845,Put,710,2025-10-17T16:30:00-05:00,1,"62.60 x 34","67.60 x 35",67.6,460,ask,3109500,460,47,144.88%,-0.8909010245,MLFT,BuyToOpen,"14:51:29 ET"
ACN,235.825,Put,330,2025-11-21T16:30:00-06:00,36,"93.40 x 21","96.60 x 21",95.1,325,mid,3090700,325,33,66.54%,-0.9366731823,SLFT,ToOpen,"14:42:37 ET"
UNH,356.2,Put,530,2025-12-19T16:30:00-06:00,64,"171.20 x 45","177.75 x 45",171.2,180,bid,3081500,180,18,55.01%,-0.9568337052,MLFT,SellToOpen,"15:01:16 ET"
MSTR,284.4385,Put,440,2025-10-17T16:30:00-05:00,1,"153.00 x 14","155.65 x 12",153.75,200,mid,3075000,200,18,0.00%,0,SLFT,ToOpen,"14:31:55 ET"
AAPL,246.94,Put,270,2025-10-17T16:30:00-05:00,1,"22.75 x 24","23.40 x 35",23,1330,mid,3059000,1410,5,0.00%,0,MLFT,ToOpen,"15:43:39 ET"
ALAB,164.19,Put,215,2025-10-17T16:30:00-05:00,1,"48.80 x 156","52.00 x 19",48.8,623,bid,3040200,1254,117,0.00%,0,MLFT,N/A,"15:13:33 ET"
SNPS,437.95,Put,610,2025-10-17T16:30:00-05:00,1,"168.60 x 4","174.70 x 4",168.6,180,bid,3034800,180,14,0.00%,0,MLFT,SellToOpen,"15:02:19 ET"
ADBE,329.71,Put,385,2025-10-17T16:30:00-05:00,1,"54.15 x 13","56.85 x 63",54.15,560,bid,3032400,1210,49,148.26%,-0.9753603696,MLFT,N/A,"14:47:54 ET"
VG,8.9299,Put,7.5,2025-12-19T16:30:00-06:00,64,"0.35 x 874","0.65 x 95",0.55,55000,mid,3025000,55011,0,83.77%,-0.2456618148,CNCO,ToOpen,"15:09:53 ET"
VG,9.015,Put,7.5,2025-12-19T16:30:00-06:00,64,"0.35 x 584","0.65 x 73",0.55,55000,mid,3025000,55011,0,85.53%,-0.2394825146,TLCT,ToOpen,"14:59:50 ET"
SNDK,148.74,Put,120,2026-03-20T16:30:00-05:00,155,"18.80 x 62","21.00 x 250",20.15,1500,mid,3022400,1502,47,97.72%,-0.2493562406,MLFT,ToOpen,"13:35:31 ET"
AMD,235.515,Call,190,2026-02-20T16:30:00-06:00,127,"59.80 x 86","60.45 x 2",60.25,500,mid,3012500,516,1480,62.26%,0.79003707302577,AUTO,N/A,"12:38:24 ET"
NVDA,182.184,Call,187.5,2025-10-24T16:30:00-05:00,8,"2.51 x 10","2.53 x 20",2.51,12000,bid,3011900,13150,9500,41.69%,0.33697038675276,MLAT,SellToOpen,"09:38:56 ET"
ADBE,329.64,Put,405,2025-10-17T16:30:00-05:00,1,"71.15 x 25","77.75 x 26",75.05,400,mid,3002000,400,38,0.00%,0,SLFT,ToOpen,"14:36:43 ET"
BE,115.3,Call,65,2026-03-20T16:30:00-05:00,155,"58.60 x 73","61.20 x 508",60,500,mid,3000000,1512,4976,116.73%,0.87623153267277,AUTO,N/A,"15:57:37 ET"
BE,115.3,Call,65,2026-03-20T16:30:00-05:00,155,"59.90 x 489","60.00 x 241",60,500,ask,3000000,1512,4976,116.73%,0.87623153267277,AUTO,N/A,"15:57:46 ET"
MSTR,288.76,Call,305,2025-10-24T16:30:00-05:00,8,"5.90 x 75","6.35 x 171",6.07,4930,mid,2992500,11268,2339,71.14%,0.32333306971307,MLAT,N/A,"14:01:18 ET"
AAPL,245.7121,Put,260,2025-10-17T16:30:00-05:00,1,"13.90 x 345","14.65 x 506",14.25,2100,mid,2992500,3601,618,0.00%,0,MLFT,N/A,"14:40:33 ET"
BE,113.97,Call,55,2025-11-21T16:30:00-06:00,36,"59.00 x 500","60.50 x 165",59.5,500,mid,2975000,1039,5676,120.92%,0.98296659231904,AUTO,N/A,"13:06:41 ET"
ALAB,164.19,Put,212.5,2025-10-17T16:30:00-05:00,1,"46.30 x 61","49.50 x 23",49.5,600,ask,2970000,1060,90,348.40%,-0.9071470481,MLFT,BuyToOpen,"15:13:33 ET"
ADBE,329.25,Put,370,2025-10-17T16:30:00-05:00,1,"37.95 x 152","42.30 x 163",39.6,750,mid,2970000,1101,222,0.00%,0,SLFT,ToOpen,"14:40:19 ET"
DE,455.93,Put,480,2025-10-17T16:30:00-05:00,1,"23.00 x 15","28.55 x 23",28.55,1040,ask,2969200,1214,238,135.04%,-0.7555003171,MLFT,BuyToOpen,"14:51:20 ET"
WIX,133.36,Put,170,2025-10-17T16:30:00-05:00,1,"33.20 x 34","37.80 x 18",33.29,890,mid,2962800,890,132,0.00%,0,MLFT,ToOpen,"15:00:54 ET"
BE,115.3,Call,65,2026-03-20T16:30:00-05:00,155,"59.90 x 493","60.00 x 350",60,493,ask,2958000,1512,4976,116.73%,0.87623153267277,AUTO,N/A,"15:57:59 ET"
DAVE,210.85,Put,270,2025-10-17T16:30:00-05:00,1,"57.10 x 8","61.40 x 2",61.4,480,ask,2947200,480,2,0.00%,0,MLFT,BuyToOpen,"14:55:29 ET"
ADBE,329.64,Put,390,2025-10-17T16:30:00-05:00,1,"56.15 x 27","61.65 x 11",58.85,500,mid,2942500,500,50,0.00%,0,SLFT,ToOpen,"14:36:43 ET"
TXN,174.15,Put,220,2025-10-17T16:30:00-05:00,1,"44.20 x 70","46.25 x 14",45.05,650,mid,2928200,650,80,0.00%,0,SLFT,ToOpen,"14:31:00 ET"
META,706.21,Put,780,2025-10-17T16:30:00-05:00,1,"72.00 x 46","75.05 x 17",73.2,400,mid,2928000,400,47,0.00%,0,SLFT,ToOpen,"14:39:06 ET"
TTD,49.975,Put,65,2025-10-17T16:30:00-05:00,1,"14.05 x 576","15.45 x 225",14.85,1970,mid,2925400,4795,508,293.28%,-0.9491627385,SLFT,N/A,"15:51:50 ET"
MSTR,283.755,Put,280,2025-11-21T16:30:00-06:00,36,"23.35 x 7","23.80 x 200",23.3,1255,bid,2924100,2052,2602,73.58%,-0.4257991772,AUTO,N/A,"15:56:46 ET"
BMNR,52.24,Put,105,2025-10-17T16:30:00-05:00,1,"51.45 x 280","54.00 x 12",54,540,ask,2916000,540,99,938.86%,-0.8800098505,MLFT,BuyToOpen,"14:55:26 ET"
ALAB,164.19,Put,222.5,2025-10-17T16:30:00-05:00,1,"56.20 x 153","59.50 x 103",57.3,508,mid,2910800,5447,305,392.92%,-0.9154595142,MLFT,N/A,"15:13:33 ET"
NVDA,182.42,Put,145,2026-08-21T16:30:00-05:00,309,"11.15 x 104","11.25 x 229",11.16,2600,mid,2901600,2600,2289,46.22%,-0.2081954663,SLCN,ToOpen,"11:18:43 ET"
NAMS,38.655,Put,35,2025-11-21T16:30:00-06:00,36,"0.85 x 17","3.30 x 7",2.9,10000,mid,2900000,10001,1,99.12%,-0.3135664375,SLCN,ToOpen,"10:57:42 ET"
MU,201.565,Call,165,2025-10-17T16:30:00-05:00,1,"36.25 x 592","38.15 x 484",36.25,799,bid,2896300,1399,6542,177.18%,0.98628724607325,AUTO,N/A,"14:52:23 ET"
LULU,162.955,Put,185,2025-10-17T16:30:00-05:00,1,"20.40 x 206","23.45 x 170",21.9,1320,mid,2890700,1364,576,0.00%,0,SLFT,ToOpen,"14:38:40 ET"
META,721.69,Put,760,2026-01-16T16:30:00-06:00,92,"71.45 x 20","72.65 x 1",72.05,400,mid,2882000,420,628,36.42%,-0.5642673198,MLET,N/A,"09:30:03 ET"
V,335.9601,Put,360,2025-10-17T16:30:00-05:00,1,"23.70 x 19","25.20 x 10",25.2,1140,ask,2872800,1140,183,72.69%,-0.9644263349,MLFT,BuyToOpen,"15:01:01 ET"
NVDA,180.69,Put,180,2026-06-18T16:30:00-05:00,245,"23.95 x 383","24.10 x 90",23.95,1194,bid,2859600,1239,7876,45.02%,-0.4051999278,AUTO,N/A,"14:40:13 ET"
ASML,1019.215,Put,1120,2025-10-17T16:30:00-05:00,1,"98.00 x 31","106.00 x 10",98,290,bid,2842000,833,95,110.52%,-0.945583234,MLFT,N/A,"14:54:53 ET"
HUM,266.19,Put,300,2025-10-17T16:30:00-05:00,1,"30.50 x 35","38.40 x 18",38.4,740,ask,2841600,740,64,274.60%,-0.7763132292,MLFT,BuyToOpen,"14:54:02 ET"
DEO,98.75,Call,90,2025-10-17T16:30:00-05:00,1,"8.70 x 10","9.00 x 8",9,3140,ask,2826000,3140,99,0.00%,0.99999999999938,MLFT,BuyToOpen,"14:24:12 ET"
NVDA,181.956,Call,187.5,2025-10-24T16:30:00-05:00,8,"2.38 x 72","2.40 x 18",2.36,11950,bid,2820200,55019,9500,41.65%,0.32941370202305,MLAT,N/A,"13:44:31 ET"
PYPL,65.9691,Put,77.5,2025-10-17T16:30:00-05:00,1,"11.10 x 563","12.45 x 584",12.4,2270,mid,2814800,3560,521,298.48%,-0.8296585123,MLFT,ToOpen,"15:12:56 ET"
TTD,49.82,Put,65,2025-10-17T16:30:00-05:00,1,"13.50 x 602","15.35 x 35",14.25,1970,mid,2807200,2825,508,0.00%,0,MLFT,ToOpen,"15:13:22 ET"
MSTR,286.29,Put,352.5,2025-10-17T16:30:00-05:00,1,"64.70 x 39","68.25 x 33",68.25,410,ask,2798200,411,41,196.92%,-0.9757371143,MLFT,BuyToOpen,"15:04:02 ET"
BE,113.97,Call,55,2025-11-21T16:30:00-06:00,36,"57.90 x 75","60.40 x 78",59.5,470,mid,2796500,1039,5676,120.92%,0.98296659231904,AUTO,N/A,"13:07:00 ET"
QUBT,18.925,Put,19.5,2025-10-17T16:30:00-05:00,1,"1.00 x 21","1.10 x 130",1,27676,bid,2767600,28296,31493,168.36%,-0.615880546,MLAT,N/A,"14:41:52 ET"
TXN,174.15,Put,200,2025-10-17T16:30:00-05:00,1,"24.20 x 101","26.10 x 21",25.05,1100,mid,2755500,1100,166,0.00%,0,SLFT,ToOpen,"14:31:00 ET"
MSTR,287.62,Call,305,2025-10-24T16:30:00-05:00,8,"5.50 x 23","5.85 x 42",5.54,4923,mid,2727300,5928,2339,71.08%,0.30978165994919,MLAT,ToOpen,"12:26:49 ET"
MELI,2064.8701,Put,2300,2025-10-17T16:30:00-05:00,1,"225.70 x 16","252.70 x 15",227.15,120,mid,2725800,125,394,134.97%,-0.9321974156,MLFT,N/A,"09:41:46 ET"
ANF,70.62,Put,60,2025-12-19T16:30:00-06:00,64,"2.45 x 242","3.00 x 404",2.59,10499,mid,2719200,10511,78,63.16%,-0.2215025505,MLAT,ToOpen,"09:59:39 ET"
NVDA,183.155,Put,182.5,2025-10-24T16:30:00-05:00,8,"4.20 x 80","4.25 x 427",4.2,6464,bid,2714800,13537,3976,41.58%,-0.4599974266,AUTO,N/A,"10:37:16 ET"
ADBE,329.64,Put,385,2025-10-17T16:30:00-05:00,1,"51.85 x 27","56.85 x 15",54.15,500,mid,2707500,500,49,140.56%,-0.9813558671,SLFT,ToOpen,"14:36:43 ET"
SPOT,664.765,Put,730,2025-10-17T16:30:00-05:00,1,"61.35 x 10","67.65 x 20",67.56,400,mid,2702400,690,92,139.14%,-0.8941801773,MLFT,ToOpen,"15:02:26 ET"
CRWV,142.65,Call,145,2026-01-16T16:30:00-06:00,92,"23.65 x 121","24.25 x 73",24.25,1114,ask,2701400,3537,3045,85.77%,0.57960073740094,AUTO,N/A,"11:45:00 ET"
OXY,40.63,Put,60,2026-01-16T16:30:00-06:00,92,"17.25 x 972","20.00 x 793",18.73,1440,mid,2697100,2580,2999,0.00%,0,MLFT,N/A,"15:04:33 ET"
HIMS,62.45,Call,65,2025-10-24T16:30:00-05:00,8,"2.55 x 124","2.64 x 11",2.66,10000,ask,2660000,12404,3355,98.82%,0.42295838218568,MLAT,BuyToOpen,"10:45:46 ET"
TTD,49.9,Put,67.5,2025-10-17T16:30:00-05:00,1,"16.45 x 557","18.15 x 268",17.72,1500,mid,2658000,1500,842,314.74%,-0.9602007352,MLFT,ToOpen,"15:03:07 ET"
SJM,103.9802,Put,115,2025-10-17T16:30:00-05:00,1,"10.00 x 148","11.90 x 87",11.5,2310,mid,2656500,2310,1533,157.30%,-0.8814169904,MLFT,ToOpen,"15:03:35 ET"
LULU,163.79,Put,320,2025-12-19T16:30:00-06:00,64,"155.00 x 15","158.85 x 12",155,170,bid,2635000,270,14,95.80%,-0.9442517101,MLFT,SellToOpen,"14:50:33 ET"
LULU,165.03,Put,165,2025-10-24T16:30:00-05:00,8,"4.20 x 20","4.55 x 97",4.37,5999,mid,2621500,6077,533,45.68%,-0.4813199342,MLAT,ToOpen,"11:07:21 ET"
TTD,49.82,Put,62.5,2025-10-17T16:30:00-05:00,1,"10.95 x 591","12.90 x 106",12.9,2030,ask,2618700,2910,538,282.87%,-0.927584187,MLFT,BuyToOpen,"15:12:41 ET"
DRI,187.29,Put,220,2025-11-21T16:30:00-06:00,36,"31.30 x 15","34.10 x 13",32.7,800,mid,2616000,1600,95,0.00%,0,MLFT,N/A,"15:37:39 ET"
DRI,186.88,Put,220,2025-11-21T16:30:00-06:00,36,"31.30 x 11","34.10 x 11",32.7,800,mid,2616000,800,95,0.00%,0,MLFT,ToOpen,"14:35:54 ET"
GEV,600.1,Put,710,2025-10-17T16:30:00-05:00,1,"107.80 x 6","114.80 x 71",107.8,240,bid,2587200,240,19,171.74%,-0.9662894598,MLFT,SellToOpen,"14:52:11 ET"
BMNR,52.24,Put,85,2025-10-17T16:30:00-05:00,1,"31.45 x 1075","34.10 x 447",31.46,820,mid,2579700,910,202,360.51%,-0.9938434364,MLFT,ToOpen,"14:55:26 ET"
TTD,49.975,Put,62.5,2025-10-17T16:30:00-05:00,1,"11.55 x 595","13.30 x 60",12.7,2030,mid,2578100,4940,538,266.60%,-0.937459521,SLFT,N/A,"15:51:50 ET"
TEAM,149.79,Put,170,2025-10-17T16:30:00-05:00,1,"18.30 x 165","21.80 x 8",21.8,1180,ask,2572400,1190,291,237.94%,-0.8298888706,MLFT,BuyToOpen,"15:02:46 ET"
BABA,165.44,Call,140,2025-10-17T16:30:00-05:00,1,"24.10 x 210","27.20 x 15",25.72,1000,mid,2572000,1000,11099,187.86%,0.95967744365032,MFSL,N/A,"09:33:51 ET"
INTU,646.3,Put,720,2025-10-17T16:30:00-05:00,1,"71.60 x 14","75.60 x 55",73.4,350,mid,2569000,700,32,0.00%,0,SLFT,N/A,"15:56:19 ET"
NKE,66.795,Put,75,2025-10-17T16:30:00-05:00,1,"8.05 x 128","8.45 x 626",8.05,3190,bid,2567900,3240,2194,116.46%,-0.9694092911,MLFT,SellToOpen,"15:04:09 ET"
UNH,356.2,Put,550,2026-01-16T16:30:00-06:00,92,"190.00 x 49","196.45 x 50",196.45,130,ask,2553800,130,15,60.00%,-0.9092834565,MLFT,BuyToOpen,"15:01:16 ET"
AVGO,351.18,Put,430,2025-10-17T16:30:00-05:00,1,"77.30 x 64","80.50 x 11",77.3,330,bid,2550900,330,10,163.82%,-0.9902018102,MLFT,SellToOpen,"14:48:36 ET"
AMD,237.22,Call,155,2025-11-21T16:30:00-06:00,36,"83.95 x 193","84.95 x 199",84.72,300,mid,2541600,307,14566,85.57%,0.95848560674369,MLAT,N/A,"13:53:11 ET"
AXON,644.824,Put,790,2025-10-17T16:30:00-05:00,1,"140.00 x 4","149.00 x 3",149,170,ask,2533000,170,11,278.83%,-0.9063430787,MLFT,BuyToOpen,"14:54:40 ET"
NKE,66.84,Put,75,2025-10-17T16:30:00-05:00,1,"7.90 x 671","8.40 x 612",7.9,3190,bid,2520100,6431,2194,0.00%,0,SLFT,N/A,"15:58:33 ET"
DELL,157.74,Call,145,2027-12-17T16:30:00-06:00,792,"48.50 x 286","52.25 x 205",50.2,500,mid,2510000,500,783,48.36%,0.68743743278107,MLFT,N/A,"11:10:45 ET"
NFLX,1182.035,Put,1260,2025-10-17T16:30:00-05:00,1,"76.85 x 8","83.50 x 14",83.49,300,mid,2504700,3211,331,56.86%,-0.9847944817,MLFT,N/A,"15:00:34 ET"
CLSK,21.065,Call,15,2025-10-31T16:30:00-05:00,15,"6.35 x 301","6.65 x 520",6.35,3938,bid,2500600,4343,5009,137.09%,0.91417382589825,ISOI,N/A,"09:52:45 ET"
MLTX,9.855,Put,35,2025-10-17T16:30:00-05:00,1,"24.90 x 743","26.60 x 806",25,1000,mid,2500000,1000,1870,0.00%,0,SLCN,N/A,"10:03:38 ET"
UNH,355.25,Put,550,2026-01-16T16:30:00-06:00,92,"190.00 x 45","196.65 x 45",192.2,130,mid,2498600,260,15,0.00%,0,SLFT,N/A,"15:39:01 ET"
SNPS,437.95,Put,550,2025-10-17T16:30:00-05:00,1,"107.60 x 8","114.40 x 8",113.41,220,mid,2495000,221,21,264.00%,-0.9429991498,MLFT,ToOpen,"15:02:19 ET"
GEV,600.1,Put,700,2025-10-17T16:30:00-05:00,1,"97.30 x 6","105.00 x 88",103.95,240,mid,2494800,540,60,236.63%,-0.8812593907,MLFT,N/A,"14:52:11 ET"
MA,548.255,Put,600,2025-10-17T16:30:00-05:00,1,"48.90 x 24","53.95 x 21",48.9,510,bid,2493900,510,53,0.00%,0,MLFT,SellToOpen,"14:49:58 ET"
ADBE,328.02,Put,400,2025-10-17T16:30:00-05:00,1,"68.85 x 72","73.55 x 42",71.15,350,mid,2490200,1180,37,0.00%,0,SLFT,N/A,"15:45:34 ET"
RDDT,197.73,Put,235,2025-10-17T16:30:00-05:00,1,"35.00 x 107","38.25 x 159",38.25,650,ask,2486200,651,70,237.11%,-0.9081644074,MLFT,BuyToOpen,"15:02:04 ET"
MSFT,510.41,Put,535,2025-10-17T16:30:00-05:00,1,"23.80 x 187","26.65 x 199",25.61,970,mid,2484100,1032,177,73.30%,-0.8863500285,MLFT,ToOpen,"15:00:12 ET"
AAPL,245.525,Call,250,2025-11-21T16:30:00-06:00,36,"7.70 x 199","7.85 x 37",7.76,3200,mid,2483200,5519,26426,30.26%,0.45859189680043,MLCT,N/A,"14:25:03 ET"
MSTR,283.17,Call,500,2027-06-17T16:30:00-05:00,609,"48.70 x 32","50.35 x 29",49.65,500,mid,2482500,568,1584,65.54%,0.42960505407872,SLFT,N/A,"15:20:01 ET"
PYPL,65.9691,Put,76,2025-10-17T16:30:00-05:00,1,"9.65 x 550","10.90 x 422",10.9,2270,ask,2474300,3084,565,275.00%,-0.8188854249,MLFT,BuyToOpen,"15:12:56 ET"
FIG,58.62,Put,53,2025-10-24T16:30:00-05:00,8,"1.29 x 93","1.43 x 160",1.3,19000,mid,2470000,19306,203,103.66%,-0.2300457172,MLAT,ToOpen,"14:29:12 ET"
APO,121.045,Put,145,2025-10-17T16:30:00-05:00,1,"23.70 x 157","25.60 x 157",24.6,1000,mid,2460000,1720,136,248.98%,-0.9066546097,SLFT,ToOpen,"15:48:36 ET"
IREN,63.7604,Call,95,2025-12-19T16:30:00-06:00,64,"6.05 x 790","6.70 x 118",6.15,4000,mid,2460000,6812,7851,137.26%,0.34689277453949,TLCT,N/A,"11:44:41 ET"
NVDA,180.99,Put,182.5,2025-10-24T16:30:00-05:00,8,"5.45 x 31","5.50 x 420",5.5,4461,ask,2453500,30861,3976,44.13%,-0.5335635995,AUTO,N/A,"15:42:20 ET"
UPS,84.92,Put,95,2025-10-17T16:30:00-05:00,1,"9.25 x 363","11.25 x 29",10.2,2400,mid,2448000,2400,1617,127.24%,-0.9505584304,MLFT,ToOpen,"14:36:53 ET"
PG,149.825,Put,170,2025-10-17T16:30:00-05:00,1,"19.15 x 302","21.85 x 251",19.15,1270,bid,2432000,1570,43,146.64%,-0.946053318,MLFT,SellToOpen,"15:04:40 ET"
CAVA,63.4,Put,120,2025-10-17T16:30:00-05:00,1,"55.25 x 58","58.80 x 18",55.25,440,bid,2431000,440,10,669.36%,-0.95019582,MLFT,SellToOpen,"14:55:41 ET"
ENPH,37.64,Put,110,2026-01-16T16:30:00-06:00,92,"70.90 x 185","73.85 x 154",71.5,340,mid,2431000,340,96,109.25%,-0.9835238894,MLFT,ToOpen,"14:54:54 ET"
PM,156.4,Put,170,2025-10-17T16:30:00-05:00,1,"12.70 x 327","14.10 x 56",12.7,1910,bid,2425700,3110,441,0.00%,0,MLFT,SellToOpen,"15:01:15 ET"
CNC,35.56,Put,35,2025-10-24T16:30:00-05:00,8,"0.95 x 79","1.05 x 181",0.97,25000,mid,2425000,25006,301,59.64%,-0.4081488111,MLAT,ToOpen,"15:47:03 ET"
ORCL,307.99,Call,350,2026-01-16T16:30:00-06:00,92,"19.05 x 307","19.55 x 277",19.4,1250,mid,2425000,1625,6816,54.34%,0.38099842305254,SLCN,N/A,"11:19:00 ET"
APO,121.04,Put,145,2025-10-17T16:30:00-05:00,1,"22.10 x 232","25.90 x 239",24.2,1000,mid,2420000,2720,136,201.43%,-0.9516458363,SLFT,N/A,"15:57:24 ET"
IREN,63.06,Call,70,2025-12-19T16:30:00-06:00,64,"11.50 x 363","12.10 x 272",12.1,2000,ask,2420000,7712,13425,133.61%,0.54228626239246,MLCT,N/A,"12:02:25 ET"
BIDU,121.075,Put,134,2025-10-17T16:30:00-05:00,1,"12.15 x 62","13.70 x 17",13.7,1760,ask,2411200,1760,638,174.78%,-0.8560397055,MLFT,BuyToOpen,"14:48:54 ET"
ADBE,329.64,Put,400,2025-10-17T16:30:00-05:00,1,"66.15 x 26","72.80 x 24",68.85,350,mid,2409700,350,37,201.01%,-0.9631874043,SLFT,ToOpen,"14:36:43 ET"
STE,239.82,Put,260,2025-10-17T16:30:00-05:00,1,"19.60 x 7","21.80 x 9",21.7,1110,mid,2408700,1110,0,105.28%,-0.9249733033,MLFT,ToOpen,"15:02:31 ET"
RH,174.8483,Put,210,2025-10-17T16:30:00-05:00,1,"32.50 x 28","38.60 x 33",32.5,740,bid,2405000,740,141,214.58%,-0.9424814099,MLFT,SellToOpen,"15:04:02 ET"
ADBE,329.71,Put,400,2025-10-17T16:30:00-05:00,1,"68.85 x 19","72.80 x 70",72.8,330,ask,2402400,830,37,286.70%,-0.8874013901,MLFT,N/A,"14:47:54 ET"
HOOD,131.414,Put,123,2025-10-24T16:30:00-05:00,8,"2.36 x 486","2.70 x 566",2.4,10000,mid,2400000,10143,866,75.55%,-0.2563623758,MLCT,ToOpen,"15:21:50 ET"
PLTR,177.652,Put,130,2026-09-18T16:30:00-05:00,337,"15.85 x 27","16.10 x 166",16,1500,mid,2400000,1616,3250,63.56%,-0.1941727377,TLCT,N/A,"14:40:53 ET"
AMZN,213.82,Put,240,2025-10-17T16:30:00-05:00,1,"25.90 x 56","26.15 x 56",26.05,920,mid,2396600,1021,14,0.00%,0,MLFT,ToOpen,"15:45:24 ET"
APD,254.63,Put,290,2025-10-17T16:30:00-05:00,1,"34.10 x 5","37.40 x 5",34.1,700,bid,2387000,700,20,142.99%,-0.9555141497,MLFT,SellToOpen,"14:54:14 ET"
INTU,644.845,Put,720,2025-10-17T16:30:00-05:00,1,"72.60 x 22","79.40 x 56",79.19,300,mid,2375700,350,32,183.67%,-0.8639939554,MLFT,ToOpen,"14:51:29 ET"
TSLA,433.8014,Call,450,2025-10-24T16:30:00-05:00,8,"12.00 x 1963","12.05 x 47",12,1963,bid,2355600,5670,11558,72.93%,0.39076354948326,AUTO,N/A,"11:41:21 ET"
AAPL,245.7121,Put,275,2025-10-17T16:30:00-05:00,1,"28.75 x 355","29.65 x 357",29.3,800,mid,2344000,2900,101,86.20%,-0.994484329,MLFT,N/A,"14:40:45 ET"
INTC,37.305,Put,40,2025-11-21T16:30:00-06:00,36,"4.90 x 123","5.10 x 14",5.1,4589,ask,2340300,5059,921,74.34%,-0.5685917944,AUTO,BuyToOpen,"11:58:47 ET"
LCID,21.395,Call,22.5,2025-10-24T16:30:00-05:00,8,"0.49 x 48","0.53 x 5",0.52,45000,mid,2340000,45050,417,74.70%,0.34752518363269,MLAT,ToOpen,"12:27:25 ET"
RACE,393.24,Put,460,2025-10-17T16:30:00-05:00,1,"64.40 x 8","68.80 x 8",64.68,360,mid,2328400,4715,339,180.96%,-0.9462152012,MLFT,N/A,"15:04:25 ET"
FLUT,249.22,Put,280,2025-10-17T16:30:00-05:00,1,"29.40 x 13","32.00 x 11",29.41,790,mid,2323300,6030,342,0.00%,0,MLFT,N/A,"14:54:22 ET"
RCL,298.8355,Put,360,2025-10-17T16:30:00-05:00,1,"59.55 x 14","63.40 x 4",59.55,390,bid,2322400,391,13,174.46%,-0.9770830758,MLFT,SellToOpen,"15:04:12 ET"
ACN,235.52,Put,330,2025-11-21T16:30:00-06:00,36,"92.80 x 28","96.30 x 25",92.8,250,bid,2320000,575,33,52.05%,-0.9850093463,MLFT,N/A,"14:50:11 ET"
IBKR,69.57,Call,42.5,2026-01-16T16:30:00-06:00,92,"27.20 x 765","29.60 x 568",28.4,815,mid,2314600,815,1358,77.83%,0.92944205984243,MLFT,N/A,"12:10:03 ET"
ADP,280.24,Put,310,2025-10-17T16:30:00-05:00,1,"28.30 x 6","31.10 x 7",31.1,740,ask,2301400,740,2,159.43%,-0.8785026749,MLFT,BuyToOpen,"14:47:59 ET"
QURE,62.76,Call,40,2025-11-21T16:30:00-06:00,36,"21.60 x 44","24.30 x 43",23.01,1000,mid,2301000,1000,28,71.00%,0.98421618579332,MLCT,ToOpen,"10:13:37 ET"
IREN,62.0482,Call,70,2025-12-19T16:30:00-06:00,64,"10.90 x 378","11.50 x 52",11.5,2000,ask,2300000,12864,13425,137.89%,0.53687057065138,MLCT,N/A,"14:39:08 ET"
ALAB,164.19,Put,222.5,2025-10-17T16:30:00-05:00,1,"56.20 x 153","59.50 x 103",57.31,400,mid,2292400,5447,305,392.92%,-0.9154595142,MLFT,N/A,"15:13:33 ET"
SNPS,438.705,Put,520,2025-10-17T16:30:00-05:00,1,"79.10 x 15","86.00 x 24",81.8,280,mid,2290400,530,26,175.05%,-0.9650544948,MLFT,ToOpen,"15:45:12 ET"
PYPL,67.28,Put,77,2025-10-31T16:30:00-05:00,15,"10.00 x 604","10.75 x 416",10.44,2191,mid,2287400,2193,2198,66.42%,-0.8251038543,MLET,N/A,"11:18:44 ET"
MSTR,283.39,Put,265,2025-11-21T16:30:00-06:00,36,"17.75 x 94","17.80 x 24",17.75,1284,bid,2279100,1583,531,77.05%,-0.3400521286,AUTO,SellToOpen,"15:43:59 ET"
MP,84.4192,Put,77,2025-10-24T16:30:00-05:00,8,"2.80 x 52","3.10 x 68",2.84,8000,mid,2272000,8126,627,122.68%,-0.2737018708,MLAT,ToOpen,"14:33:08 ET"
UPS,85.43,Put,100,2025-10-17T16:30:00-05:00,1,"14.35 x 19","16.50 x 22",14.35,1580,bid,2267300,4130,58,268.07%,-0.8536286145,MLFT,N/A,"15:03:35 ET"
"Downloaded from Barchart.com as of 10-16-2025 03:25pm CDT"
